country,year,lifeExp,rate_change_lifeExp,change_type
Afghanistan,1952,28.801,NA,Stable
Afghanistan,1957,30.332,5.315787646262291,Stable
Afghanistan,1962,31.997,5.489252274825264,Stable
Afghanistan,1967,34.02,6.322467731349825,Stable
Afghanistan,1972,36.088,6.078777189888294,Stable
Afghanistan,1977,38.438,6.511859898027049,Stable
Afghanistan,1982,39.854,3.6838545189655987,Stable
Afghanistan,1987,40.822,2.428865358558748,Stable
Afghanistan,1992,41.674,2.087109891725042,Stable
Afghanistan,1997,41.763,0.213562413015306,Stable
Afghanistan,2002,42.129,0.8763738237195596,Stable
Afghanistan,2007,43.828,4.032851479978175,Stable
Albania,1952,55.23,NA,Stable
Albania,1957,59.28,7.332971211298216,Stable
Albania,1962,64.82,9.345479082321175,Stable
Albania,1967,66.22,2.159827213822903,Stable
Albania,1972,67.69,2.2198731501057067,Stable
Albania,1977,68.93,1.8318806322942964,Stable
Albania,1982,70.42,2.1616132308138614,Stable
Albania,1987,72,2.243680772507808,Stable
Albania,1992,71.581,-0.5819444444444402,Stable
Albania,1997,72.95,1.9125186851259408,Stable
Albania,2002,75.651,3.702535983550368,Stable
Albania,2007,76.423,1.0204756050812356,Stable
Algeria,1952,43.077,NA,Stable
Algeria,1957,45.685,6.05427490308054,Stable
Algeria,1962,48.303,5.730546131115235,Stable
Algeria,1967,51.407,6.426101898432808,Stable
Algeria,1972,54.518,6.051705020717032,Stable
Algeria,1977,58.014,6.4125609890311495,Stable
Algeria,1982,61.368,5.781363119247077,Stable
Algeria,1987,65.799,7.220375439968721,Stable
Algeria,1992,67.744,2.955971975257972,Stable
Algeria,1997,69.152,2.0784128483703372,Stable
Algeria,2002,70.994,2.6636973623322517,Stable
Algeria,2007,72.301,1.8410006479420826,Stable
Angola,1952,30.015,NA,Stable
Angola,1957,31.999,6.61002831917374,Stable
Angola,1962,34,6.253320416263013,Stable
Angola,1967,35.985,5.838235294117646,Stable
Angola,1972,37.928,5.399472002223143,Stable
Angola,1977,39.483,4.099873444421008,Stable
Angola,1982,39.942,1.1625256439480365,Stable
Angola,1987,39.906,-0.0901306894997781,Stable
Angola,1992,40.647,1.8568636295293932,Stable
Angola,1997,40.963,0.7774251482274276,Stable
Angola,2002,41.003,0.09764909796645546,Stable
Angola,2007,42.731,4.214325781040416,Stable
Argentina,1952,62.485,NA,Stable
Argentina,1957,64.399,3.0631351524365873,Stable
Argentina,1962,65.142,1.153744623363709,Stable
Argentina,1967,65.634,0.7552730956986344,Stable
Argentina,1972,67.065,2.180272419782426,Stable
Argentina,1977,68.481,2.1113844777454664,Stable
Argentina,1982,69.942,2.1334384719849284,Stable
Argentina,1987,70.774,1.1895570615653084,Stable
Argentina,1992,71.868,1.5457653940712608,Stable
Argentina,1997,73.275,1.957755885790631,Stable
Argentina,2002,74.34,1.4534288638689834,Stable
Argentina,2007,75.32,1.3182674199623214,Stable
Australia,1952,69.12,NA,Stable
Australia,1957,70.33,1.7505787037036944,Stable
Australia,1962,70.93,0.8531210009953201,Stable
Australia,1967,71.1,0.23967291696036583,Stable
Australia,1972,71.93,1.1673699015471344,Stable
Australia,1977,73.49,2.168775198109256,Stable
Australia,1982,74.74,1.7009116886651248,Stable
Australia,1987,76.32,2.113995183302112,Stable
Australia,1992,77.56,1.6247379454926745,Stable
Australia,1997,78.83,1.6374419804022642,Stable
Australia,2002,80.37,1.9535709755169433,Stable
Australia,2007,81.235,1.0762722408858962,Stable
Austria,1952,66.8,NA,Stable
Austria,1957,67.48,1.0179640718562977,Stable
Austria,1962,69.54,3.05275637225845,Stable
Austria,1967,70.14,0.8628127696289822,Stable
Austria,1972,70.63,0.6986027944111703,Stable
Austria,1977,72.17,2.18037661050546,Stable
Austria,1982,73.18,1.3994734654288556,Stable
Austria,1987,74.94,2.4050286963651146,Stable
Austria,1992,76.04,1.4678409394182126,Stable
Austria,1997,77.51,1.9331930562861637,Stable
Austria,2002,78.98,1.8965294800670864,Stable
Austria,2007,79.829,1.074955684983527,Stable
Bahrain,1952,50.939,NA,Stable
Bahrain,1957,53.832,5.679341958028231,Stable
Bahrain,1962,56.923,5.741937880814387,Stable
Bahrain,1967,59.923,5.270277392266746,Stable
Bahrain,1972,63.3,5.63556564257463,Stable
Bahrain,1977,65.593,3.6224328593996944,Stable
Bahrain,1982,69.052,5.273428567072711,Stable
Bahrain,1987,70.75,2.459016393442613,Stable
Bahrain,1992,72.601,2.6162544169611293,Stable
Bahrain,1997,73.925,1.82366634068401,Stable
Bahrain,2002,74.795,1.1768684477511053,Stable
Bahrain,2007,75.635,1.1230697239120309,Stable
Bangladesh,1952,37.484,NA,Stable
Bangladesh,1957,39.348,4.972788389712936,Stable
Bangladesh,1962,41.216,4.747382332011798,Stable
Bangladesh,1967,43.453,5.427503881987581,Stable
Bangladesh,1972,45.252,4.1401054012381175,Stable
Bangladesh,1977,46.923,3.6926544683107916,Stable
Bangladesh,1982,50.009,6.576732093003428,Stable
Bangladesh,1987,52.819,5.618988582055234,Stable
Bangladesh,1992,56.018,6.056532687101228,Stable
Bangladesh,1997,59.412,6.05876682494912,Stable
Bangladesh,2002,62.013,4.377903453847706,Stable
Bangladesh,2007,64.062,3.3041459048909094,Stable
Belgium,1952,68,NA,Stable
Belgium,1957,69.24,1.8235294117646985,Stable
Belgium,1962,70.25,1.4586943963027228,Stable
Belgium,1967,70.94,0.9822064056939469,Stable
Belgium,1972,71.44,0.7048209754722301,Stable
Belgium,1977,72.8,1.9036954087346019,Stable
Belgium,1982,73.93,1.5521978021978156,Stable
Belgium,1987,75.35,1.9207358311916507,Stable
Belgium,1992,76.46,1.4731254147312534,Stable
Belgium,1997,77.53,1.3994245357049535,Stable
Belgium,2002,78.32,1.0189604024248575,Stable
Belgium,2007,79.441,1.4313074565883674,Stable
Benin,1952,38.223,NA,Stable
Benin,1957,40.358,5.58564215263061,Stable
Benin,1962,42.618,5.59988106447298,Stable
Benin,1967,44.885,5.319348632033403,Stable
Benin,1972,47.014,4.743232705803732,Stable
Benin,1977,49.19,4.628408559152581,Stable
Benin,1982,50.904,3.484448058548497,Stable
Benin,1987,52.337,2.8151029388653144,Stable
Benin,1992,53.919,3.022718153505156,Stable
Benin,1997,54.777,1.5912758025927856,Stable
Benin,2002,54.406,-0.6772915639775859,Stable
Benin,2007,56.728,4.267911627394042,Stable
Bolivia,1952,40.414,NA,Stable
Bolivia,1957,41.89,3.6521997327658706,Stable
Bolivia,1962,43.428,3.6715206493196386,Stable
Bolivia,1967,45.032,3.693469650916458,Stable
Bolivia,1972,46.714,3.7351216912417886,Stable
Bolivia,1977,50.023,7.083529562871954,Stable
Bolivia,1982,53.859,7.668472502648778,Stable
Bolivia,1987,57.251,6.297926066209911,Stable
Bolivia,1992,59.957,4.726554994672587,Stable
Bolivia,1997,62.05,3.490835098487243,Stable
Bolivia,2002,63.883,2.954069298952467,Stable
Bolivia,2007,65.554,2.6157193619585795,Stable
Bosnia and Herzegovina,1952,53.82,NA,Stable
Bosnia and Herzegovina,1957,58.45,8.602749907097738,Stable
Bosnia and Herzegovina,1962,61.93,5.953806672369541,Stable
Bosnia and Herzegovina,1967,64.79,4.618117229129673,Stable
Bosnia and Herzegovina,1972,67.45,4.105571847507326,Stable
Bosnia and Herzegovina,1977,69.86,3.5730170496664146,Stable
Bosnia and Herzegovina,1982,70.69,1.1880904666475784,Stable
Bosnia and Herzegovina,1987,71.14,0.6365822605743426,Stable
Bosnia and Herzegovina,1992,72.178,1.4590947427607488,Stable
Bosnia and Herzegovina,1997,73.244,1.476904319875866,Stable
Bosnia and Herzegovina,2002,74.09,1.1550434165255907,Stable
Bosnia and Herzegovina,2007,74.852,1.0284788770414368,Stable
Botswana,1952,47.622,NA,Sharp Decline
Botswana,1957,49.618,4.191340136911516,Sharp Decline
Botswana,1962,51.52,3.8332863073884496,Sharp Decline
Botswana,1967,53.298,3.4510869565217366,Sharp Decline
Botswana,1972,56.024,5.11463844797178,Sharp Decline
Botswana,1977,59.319,5.881407968013711,Sharp Decline
Botswana,1982,61.484,3.6497580876279088,Sharp Decline
Botswana,1987,63.622,3.477327434779777,Sharp Decline
Botswana,1992,62.745,-1.3784539939014846,Sharp Decline
Botswana,1997,52.556,-16.238744123037694,Sharp Decline
Botswana,2002,46.634,-11.267980820458174,Sharp Decline
Botswana,2007,50.728,8.779002444568343,Sharp Decline
Brazil,1952,50.917,NA,Stable
Brazil,1957,53.285,4.650706051024206,Stable
Brazil,1962,55.665,4.4665478089518675,Stable
Brazil,1967,57.632,3.533638731698552,Stable
Brazil,1972,59.504,3.248195446973903,Stable
Brazil,1977,61.489,3.3359101909115347,Stable
Brazil,1982,63.336,3.003789295646378,Stable
Brazil,1987,65.205,2.9509283819628642,Stable
Brazil,1992,67.057,2.8402729852005275,Stable
Brazil,1997,69.388,3.476147158387645,Stable
Brazil,2002,71.006,2.331815299475406,Stable
Brazil,2007,72.39,1.9491310593470978,Stable
Bulgaria,1952,59.6,NA,Stable
Bulgaria,1957,66.61,11.761744966442949,Stable
Bulgaria,1962,69.51,4.353700645548725,Stable
Bulgaria,1967,70.42,1.3091641490432981,Stable
Bulgaria,1972,70.9,0.6816245384833911,Stable
Bulgaria,1977,70.81,-0.12693935119887645,Stable
Bulgaria,1982,71.08,0.38130207597796356,Stable
Bulgaria,1987,71.34,0.3657850309510483,Stable
Bulgaria,1992,71.19,-0.21026072329689607,Stable
Bulgaria,1997,70.32,-1.2220817530552108,Stable
Bulgaria,2002,72.14,2.5881683731513188,Stable
Bulgaria,2007,73.005,1.199057388411415,Stable
Burkina Faso,1952,31.975,NA,Stable
Burkina Faso,1957,34.906,9.166536356528528,Stable
Burkina Faso,1962,37.814,8.330945969174358,Stable
Burkina Faso,1967,40.697,7.624160363886398,Stable
Burkina Faso,1972,43.591,7.111089269479318,Stable
Burkina Faso,1977,46.137,5.840655181115366,Stable
Burkina Faso,1982,48.122,4.302403710687733,Stable
Burkina Faso,1987,49.557,2.9820040729811774,Stable
Burkina Faso,1992,50.26,1.4185685170611535,Stable
Burkina Faso,1997,50.324,0.12733784321528066,Stable
Burkina Faso,2002,50.65,0.6478022414752415,Stable
Burkina Faso,2007,52.295,3.247778874629819,Stable
Burundi,1952,39.031,NA,Stable
Burundi,1957,40.533,3.848223207194288,Stable
Burundi,1962,42.045,3.730293834653246,Stable
Burundi,1967,43.548,3.5747413485551194,Stable
Burundi,1972,44.057,1.1688252043721878,Stable
Burundi,1977,45.91,4.205915064575424,Stable
Burundi,1982,47.471,3.400130690481377,Stable
Burundi,1987,48.211,1.5588464536243223,Stable
Burundi,1992,44.736,-7.207898612349882,Stable
Burundi,1997,45.326,1.3188483547925685,Stable
Burundi,2002,47.36,4.487490623483208,Stable
Burundi,2007,49.58,4.687499999999998,Stable
Cambodia,1952,39.417,NA,Sharp Decline
Cambodia,1957,41.366,4.944567064971961,Sharp Decline
Cambodia,1962,43.415,4.9533433254363475,Sharp Decline
Cambodia,1967,45.415,4.606702752504894,Sharp Decline
Cambodia,1972,40.317,-11.225366068479575,Sharp Decline
Cambodia,1977,31.22,-22.56368281370142,Sharp Decline
Cambodia,1982,50.957,63.219090326713655,Sharp Decline
Cambodia,1987,53.914,5.80293188374512,Sharp Decline
Cambodia,1992,55.803,3.503728159661675,Sharp Decline
Cambodia,1997,56.534,1.3099654140458428,Sharp Decline
Cambodia,2002,56.752,0.3856086602752388,Sharp Decline
Cambodia,2007,59.723,5.235057795319983,Sharp Decline
Cameroon,1952,38.523,NA,Stable
Cameroon,1957,40.428,4.9450977338213375,Stable
Cameroon,1962,42.643,5.478876026516285,Stable
Cameroon,1967,44.799,5.055929460872825,Stable
Cameroon,1972,47.049,5.022433536462867,Stable
Cameroon,1977,49.355,4.901273140768129,Stable
Cameroon,1982,52.961,7.30625063316787,Stable
Cameroon,1987,54.985,3.8216801042276414,Stable
Cameroon,1992,54.314,-1.220332818041283,Stable
Cameroon,1997,52.199,-3.8940236403137347,Stable
Cameroon,2002,49.856,-4.488591735473853,Stable
Cameroon,2007,50.43,1.1513157894736803,Stable
Canada,1952,68.75,NA,Stable
Canada,1957,69.96,1.7599999999999907,Stable
Canada,1962,71.3,1.9153802172670147,Stable
Canada,1967,72.13,1.164095371669002,Stable
Canada,1972,72.88,1.0397892693747401,Stable
Canada,1977,74.21,1.8249176728869352,Stable
Canada,1982,75.76,2.0886672955127494,Stable
Canada,1987,76.86,1.451953537486793,Stable
Canada,1992,77.95,1.4181628935727342,Stable
Canada,1997,78.61,0.8466966003848577,Stable
Canada,2002,79.77,1.475639231649913,Stable
Canada,2007,80.653,1.1069324307383852,Stable
Central African Republic,1952,35.463,NA,Stable
Central African Republic,1957,37.464,5.642500634464083,Stable
Central African Republic,1962,39.475,5.367819773649378,Stable
Central African Republic,1967,41.478,5.07409753008233,Stable
Central African Republic,1972,43.457,4.771204011765271,Stable
Central African Republic,1977,46.775,7.635133580320772,Stable
Central African Republic,1982,48.295,3.249599144842337,Stable
Central African Republic,1987,50.485,4.534630914173305,Stable
Central African Republic,1992,49.396,-2.157076359314645,Stable
Central African Republic,1997,46.066,-6.7414365535670875,Stable
Central African Republic,2002,43.308,-5.987062041418839,Stable
Central African Republic,2007,44.741,3.3088574859148423,Stable
Chad,1952,38.092,NA,Stable
Chad,1957,39.881,4.696524204557392,Stable
Chad,1962,41.716,4.601188535894288,Stable
Chad,1967,43.601,4.518649918496495,Stable
Chad,1972,45.569,4.513657943625154,Stable
Chad,1977,47.383,3.980776405012179,Stable
Chad,1982,49.517,4.50372496464977,Stable
Chad,1987,51.051,3.0979259648201607,Stable
Chad,1992,51.724,1.3182895535836607,Stable
Chad,1997,51.573,-0.29193411182429096,Stable
Chad,2002,50.525,-2.0320710449266124,Stable
Chad,2007,50.651,0.2493814943097571,Stable
Chile,1952,54.745,NA,Stable
Chile,1957,56.074,2.4276189606356757,Stable
Chile,1962,57.924,3.299211755894,Stable
Chile,1967,60.523,4.486913887162496,Stable
Chile,1972,63.441,4.821307602068633,Stable
Chile,1977,67.052,5.691902712756741,Stable
Chile,1982,70.565,5.239217323868029,Stable
Chile,1987,72.492,2.730815560121883,Stable
Chile,1992,74.126,2.2540418253048617,Stable
Chile,1997,75.816,2.279901788846016,Stable
Chile,2002,77.86,2.6960008441489878,Stable
Chile,2007,78.553,0.8900590804007165,Stable
China,1952,44,NA,Stable
China,1957,50.54896,14.884000000000002,Stable
China,1962,44.50136,-11.963846536110738,Stable
China,1967,58.38112,31.189518702349783,Stable
China,1972,63.11888,8.115226292335596,Stable
China,1977,63.96736,1.3442570590606207,Stable
China,1982,65.525,2.4350543777326537,Stable
China,1987,67.274,2.6692102251049143,Stable
China,1992,68.69,2.104825043850517,Stable
China,1997,70.426,2.527296549716122,Stable
China,2002,72.028,2.2747280833783035,Stable
China,2007,72.961,1.2953295940467493,Stable
Colombia,1952,50.643,NA,Stable
Colombia,1957,55.118,8.836364354402388,Stable
Colombia,1962,57.863,4.9802242461627735,Stable
Colombia,1967,59.963,3.629262222836703,Stable
Colombia,1972,61.623,2.7683738305288204,Stable
Colombia,1977,63.837,3.5928143712574947,Stable
Colombia,1982,66.653,4.411234863793728,Stable
Colombia,1987,67.768,1.6728429328012167,Stable
Colombia,1992,68.421,0.9635816314484797,Stable
Colombia,1997,70.313,2.765232896332991,Stable
Colombia,2002,71.682,1.9470083768293198,Stable
Colombia,2007,72.889,1.6838257861108696,Stable
Comoros,1952,40.715,NA,Stable
Comoros,1957,42.46,4.285889721232954,Stable
Comoros,1962,44.467,4.726801695713608,Stable
Comoros,1967,46.472,4.508961701936273,Stable
Comoros,1972,48.944,5.31933207092443,Stable
Comoros,1977,50.939,4.076086956521734,Stable
Comoros,1982,52.933,3.9144859537878633,Stable
Comoros,1987,54.926,3.765137060057057,Stable
Comoros,1992,57.939,5.485562393037902,Stable
Comoros,1997,60.66,4.696318541914766,Stable
Comoros,2002,62.974,3.8147049126277617,Stable
Comoros,2007,65.152,3.458570203576086,Stable
"Congo, Dem. Rep.",1952,39.143,NA,Stable
"Congo, Dem. Rep.",1957,40.652,3.8550954193597846,Stable
"Congo, Dem. Rep.",1962,42.122,3.6160582505165766,Stable
"Congo, Dem. Rep.",1967,44.056,4.591424908598826,Stable
"Congo, Dem. Rep.",1972,45.989,4.387597603050663,Stable
"Congo, Dem. Rep.",1977,47.804,3.946595925112538,Stable
"Congo, Dem. Rep.",1982,47.784,-0.041837503137819275,Stable
"Congo, Dem. Rep.",1987,47.412,-0.7785032646911098,Stable
"Congo, Dem. Rep.",1992,45.548,-3.93149413650552,Stable
"Congo, Dem. Rep.",1997,42.587,-6.500834284710631,Stable
"Congo, Dem. Rep.",2002,44.966,5.586211754760837,Stable
"Congo, Dem. Rep.",2007,46.462,3.326958146154877,Stable
"Congo, Rep.",1952,42.111,NA,Stable
"Congo, Rep.",1957,45.053,6.986298116881576,Stable
"Congo, Rep.",1962,48.435,7.506714314252115,Stable
"Congo, Rep.",1967,52.04,7.442964798183126,Stable
"Congo, Rep.",1972,54.907,5.509223674096844,Stable
"Congo, Rep.",1977,55.625,1.3076656892563856,Stable
"Congo, Rep.",1982,56.695,1.9235955056179783,Stable
"Congo, Rep.",1987,57.47,1.3669635770350095,Stable
"Congo, Rep.",1992,56.433,-1.8044196972333375,Stable
"Congo, Rep.",1997,52.962,-6.150656530753277,Stable
"Congo, Rep.",2002,52.97,0.01510516974433663,Stable
"Congo, Rep.",2007,55.322,4.4402491976590595,Stable
Costa Rica,1952,57.206,NA,Stable
Costa Rica,1957,60.026,4.929552844107262,Stable
Costa Rica,1962,62.842,4.691300436477518,Stable
Costa Rica,1967,65.424,4.108717100028656,Stable
Costa Rica,1972,67.849,3.706590853509411,Stable
Costa Rica,1977,70.75,4.275670975253867,Stable
Costa Rica,1982,73.45,3.8162544169611348,Stable
Costa Rica,1987,74.752,1.7726344452008065,Stable
Costa Rica,1992,75.713,1.285584332191779,Stable
Costa Rica,1997,77.26,2.0432422437362296,Stable
Costa Rica,2002,78.123,1.1170075071188188,Stable
Costa Rica,2007,78.782,0.8435415946648129,Stable
Cote d'Ivoire,1952,40.477,NA,Stable
Cote d'Ivoire,1957,42.469,4.921313338439124,Stable
Cote d'Ivoire,1962,44.93,5.794815041559722,Stable
Cote d'Ivoire,1967,47.35,5.3861562430447405,Stable
Cote d'Ivoire,1972,49.801,5.1763463569165795,Stable
Cote d'Ivoire,1977,52.374,5.166562920423285,Stable
Cote d'Ivoire,1982,53.983,3.072135028831089,Stable
Cote d'Ivoire,1987,54.655,1.2448363373654747,Stable
Cote d'Ivoire,1992,52.044,-4.77723904491813,Stable
Cote d'Ivoire,1997,47.991,-7.787641226654364,Stable
Cote d'Ivoire,2002,46.832,-2.415036152611946,Stable
Cote d'Ivoire,2007,48.328,3.194396993508717,Stable
Croatia,1952,61.21,NA,Stable
Croatia,1957,64.77,5.816043130207475,Stable
Croatia,1962,67.13,3.643662189285162,Stable
Croatia,1967,68.5,2.040816326530619,Stable
Croatia,1972,69.61,1.6204379562043787,Stable
Croatia,1977,70.64,1.4796724608533274,Stable
Croatia,1982,70.46,-0.25481313703285224,Stable
Croatia,1987,71.52,1.5043996593812126,Stable
Croatia,1992,72.527,1.4079977628635416,Stable
Croatia,1997,73.68,1.5897527817226766,Stable
Croatia,2002,74.876,1.6232356134636237,Stable
Croatia,2007,75.748,1.1645921256477374,Stable
Cuba,1952,59.421,NA,Stable
Cuba,1957,62.325,4.887161104659975,Stable
Cuba,1962,65.246,4.686722823906927,Stable
Cuba,1967,68.29,4.6654201023817725,Stable
Cuba,1972,70.723,3.562747107922086,Stable
Cuba,1977,72.649,2.72330076495624,Stable
Cuba,1982,73.717,1.4700821759418545,Stable
Cuba,1987,74.174,0.6199384131204578,Stable
Cuba,1992,74.414,0.3235635128211973,Stable
Cuba,1997,76.151,2.3342381809874415,Stable
Cuba,2002,77.158,1.3223726543315322,Stable
Cuba,2007,78.273,1.4450867052023055,Stable
Czech Republic,1952,66.87,NA,Stable
Czech Republic,1957,69.03,3.2301480484522154,Stable
Czech Republic,1962,69.9,1.2603215993046568,Stable
Czech Republic,1967,70.38,0.6866952789699424,Stable
Czech Republic,1972,70.29,-0.12787723785164706,Stable
Czech Republic,1977,70.71,0.5975245411864951,Stable
Czech Republic,1982,70.96,0.3535567812190638,Stable
Czech Republic,1987,71.58,0.8737316798196232,Stable
Czech Republic,1992,72.4,1.1455713886560595,Stable
Czech Republic,1997,74.01,2.223756906077347,Stable
Czech Republic,2002,75.51,2.026753141467369,Stable
Czech Republic,2007,76.486,1.2925440339027932,Stable
Denmark,1952,70.78,NA,Stable
Denmark,1957,71.81,1.4552133371008775,Stable
Denmark,1962,72.35,0.7519844032864392,Stable
Denmark,1967,72.96,0.8431237042156178,Stable
Denmark,1972,73.47,0.6990131578947438,Stable
Denmark,1977,74.69,1.6605417177079065,Stable
Denmark,1982,74.63,-0.08033203909492874,Stable
Denmark,1987,74.8,0.22779043280182462,Stable
Denmark,1992,75.33,0.7085561497326219,Stable
Denmark,1997,76.11,1.035444046196736,Stable
Denmark,2002,77.18,1.405859939561171,Stable
Denmark,2007,78.332,1.492614667012162,Stable
Djibouti,1952,34.812,NA,Stable
Djibouti,1957,37.328,7.227392853039198,Stable
Djibouti,1962,39.693,6.335726532361752,Stable
Djibouti,1967,42.074,5.998538785176229,Stable
Djibouti,1972,44.366,5.447544802015501,Stable
Djibouti,1977,46.519,4.852815218861287,Stable
Djibouti,1982,48.812,4.929168726756808,Stable
Djibouti,1987,50.04,2.5157748094730836,Stable
Djibouti,1992,51.604,3.125499600319744,Stable
Djibouti,1997,53.157,3.0094566312688884,Stable
Djibouti,2002,53.373,0.40634347310796526,Stable
Djibouti,2007,54.791,2.656774024319411,Stable
Dominican Republic,1952,45.928,NA,Stable
Dominican Republic,1957,49.828,8.49155199442607,Stable
Dominican Republic,1962,53.459,7.287067512242112,Stable
Dominican Republic,1967,56.751,6.157990235507574,Stable
Dominican Republic,1972,59.631,5.074800444045043,Stable
Dominican Republic,1977,61.788,3.617246063289223,Stable
Dominican Republic,1982,63.727,3.138149802550658,Stable
Dominican Republic,1987,66.046,3.6389599384876266,Stable
Dominican Republic,1992,68.457,3.650486024891722,Stable
Dominican Republic,1997,69.957,2.1911564923966873,Stable
Dominican Republic,2002,70.847,1.2722100719013116,Stable
Dominican Republic,2007,72.235,1.9591514107866321,Stable
Ecuador,1952,48.357,NA,Stable
Ecuador,1957,51.356,6.201790847240321,Stable
Ecuador,1962,54.64,6.394579017057402,Stable
Ecuador,1967,56.678,3.7298682284040936,Stable
Ecuador,1972,58.796,3.7368996788877555,Stable
Ecuador,1977,61.31,4.275801074903059,Stable
Ecuador,1982,64.342,4.945359647692051,Stable
Ecuador,1987,67.231,4.490068695408903,Stable
Ecuador,1992,69.613,3.5430084336095033,Stable
Ecuador,1997,72.312,3.877149383017537,Stable
Ecuador,2002,74.173,2.5735700851864203,Stable
Ecuador,2007,74.994,1.106871772747493,Stable
Egypt,1952,41.893,NA,Stable
Egypt,1957,44.444,6.089322798558236,Stable
Egypt,1962,46.992,5.733057330573294,Stable
Egypt,1967,49.293,4.896578140960168,Stable
Egypt,1972,51.137,3.740896273304529,Stable
Egypt,1977,53.319,4.26696912216204,Stable
Egypt,1982,56.006,5.039479360078016,Stable
Egypt,1987,59.797,6.768917615969712,Stable
Egypt,1992,63.674,6.483602856330589,Stable
Egypt,1997,67.217,5.564280554072305,Stable
Egypt,2002,69.806,3.8517041819777713,Stable
Egypt,2007,71.338,2.194653754691569,Stable
El Salvador,1952,45.262,NA,Stable
El Salvador,1957,48.57,7.308559056161901,Stable
El Salvador,1962,52.307,7.694049824994857,Stable
El Salvador,1967,55.855,6.783030951880235,Stable
El Salvador,1972,58.207,4.210903231581781,Stable
El Salvador,1977,56.696,-2.5959077086948352,Stable
El Salvador,1982,56.604,-0.16226894313531598,Stable
El Salvador,1987,63.154,11.571620380185154,Stable
El Salvador,1992,66.798,5.770022484719888,Stable
El Salvador,1997,69.535,4.097428066708576,Stable
El Salvador,2002,70.734,1.724311497806857,Stable
El Salvador,2007,71.878,1.617326886645751,Stable
Equatorial Guinea,1952,34.482,NA,Stable
Equatorial Guinea,1957,35.983,4.352995765906844,Stable
Equatorial Guinea,1962,37.485,4.1741933690909665,Stable
Equatorial Guinea,1967,38.987,4.0069361077764505,Stable
Equatorial Guinea,1972,40.516,3.9218200938774364,Stable
Equatorial Guinea,1977,42.024,3.721986375752796,Stable
Equatorial Guinea,1982,43.662,3.897772701313531,Stable
Equatorial Guinea,1987,45.664,4.58522284824333,Stable
Equatorial Guinea,1992,47.545,4.119218640504555,Stable
Equatorial Guinea,1997,48.245,1.4722894100325916,Stable
Equatorial Guinea,2002,49.348,2.2862472795108335,Stable
Equatorial Guinea,2007,51.579,4.520953230120779,Stable
Eritrea,1952,35.928,NA,Stable
Eritrea,1957,38.047,5.897906924961033,Stable
Eritrea,1962,40.158,5.548400662338698,Stable
Eritrea,1967,42.189,5.05752278499925,Stable
Eritrea,1972,44.142,4.629168740667006,Stable
Eritrea,1977,44.535,0.8903085496805617,Stable
Eritrea,1982,43.89,-1.4482990906028879,Stable
Eritrea,1987,46.453,5.83959899749374,Stable
Eritrea,1992,49.991,7.616300346586866,Stable
Eritrea,1997,53.378,6.775219539517114,Stable
Eritrea,2002,55.24,3.488328524860433,Stable
Eritrea,2007,58.04,5.068790731354086,Stable
Ethiopia,1952,34.078,NA,Stable
Ethiopia,1957,36.667,7.597276835495036,Stable
Ethiopia,1962,40.059,9.250824992500057,Stable
Ethiopia,1967,42.115,5.132429666242304,Stable
Ethiopia,1972,43.515,3.324231271518458,Stable
Ethiopia,1977,44.51,2.286567850166603,Stable
Ethiopia,1982,44.916,0.9121545720062881,Stable
Ethiopia,1987,46.684,3.936236530412327,Stable
Ethiopia,1992,48.091,3.013880558649652,Stable
Ethiopia,1997,49.402,2.7260818032480088,Stable
Ethiopia,2002,50.725,2.678029229585847,Stable
Ethiopia,2007,52.947,4.380482996550027,Stable
Finland,1952,66.55,NA,Stable
Finland,1957,67.49,1.4124718256949629,Stable
Finland,1962,68.75,1.8669432508519859,Stable
Finland,1967,69.83,1.5709090909090884,Stable
Finland,1972,70.87,1.489331232994424,Stable
Finland,1977,72.52,2.3282065754197707,Stable
Finland,1982,74.55,2.799227799227801,Stable
Finland,1987,74.83,0.37558685446009543,Stable
Finland,1992,75.7,1.1626353066951818,Stable
Finland,1997,77.13,1.8890356671069914,Stable
Finland,2002,78.37,1.6076753532996357,Stable
Finland,2007,79.313,1.20326655608013,Stable
France,1952,67.41,NA,Stable
France,1957,68.93,2.2548583296247,Stable
France,1962,70.51,2.2921804729435635,Stable
France,1967,71.55,1.4749680896326647,Stable
France,1972,72.38,1.1600279524807804,Stable
France,1977,73.83,2.003315833103071,Stable
France,1982,74.89,1.435730732764462,Stable
France,1987,76.34,1.9361730538122617,Stable
France,1992,77.46,1.4671207754781115,Stable
France,1997,78.64,1.5233668990446771,Stable
France,2002,79.59,1.2080366225839305,Stable
France,2007,80.657,1.3406206809900654,Stable
Gabon,1952,37.003,NA,Stable
Gabon,1957,38.999,5.394157230494831,Stable
Gabon,1962,40.489,3.820610784891907,Stable
Gabon,1967,44.598,10.148435377509946,Stable
Gabon,1972,48.69,9.175299340777611,Stable
Gabon,1977,52.79,8.4206202505648,Stable
Gabon,1982,56.564,7.149081265391175,Stable
Gabon,1987,60.19,6.410437734247927,Stable
Gabon,1992,61.366,1.9538129257351753,Stable
Gabon,1997,60.461,-1.4747580093211243,Stable
Gabon,2002,56.761,-6.119647375994436,Stable
Gabon,2007,56.735,-0.045806099258299454,Stable
Gambia,1952,30,NA,Stable
Gambia,1957,32.065,6.883333333333326,Stable
Gambia,1962,33.896,5.710276001871209,Stable
Gambia,1967,35.857,5.7853434033514235,Stable
Gambia,1972,38.308,6.835485400340242,Stable
Gambia,1977,41.842,9.225227106609582,Stable
Gambia,1982,45.58,8.933607380144352,Stable
Gambia,1987,49.265,8.084686265906104,Stable
Gambia,1992,52.644,6.858824723434482,Stable
Gambia,1997,55.861,6.110857837550336,Stable
Gambia,2002,58.041,3.902543814110023,Stable
Gambia,2007,59.448,2.424148446787622,Stable
Germany,1952,67.5,NA,Stable
Germany,1957,69.1,2.370370370370362,Stable
Germany,1962,70.3,1.7366136034732316,Stable
Germany,1967,70.8,0.7112375533428165,Stable
Germany,1972,71,0.28248587570621875,Stable
Germany,1977,72.5,2.112676056338028,Stable
Germany,1982,73.8,1.793103448275858,Stable
Germany,1987,74.847,1.418699186991866,Stable
Germany,1992,76.07,1.6340000267211767,Stable
Germany,1997,77.34,1.6695149204680035,Stable
Germany,2002,78.67,1.7196793379881021,Stable
Germany,2007,79.406,0.9355535782382155,Stable
Ghana,1952,43.149,NA,Stable
Ghana,1957,44.779,3.777607824051548,Stable
Ghana,1962,46.452,3.736126309207429,Stable
Ghana,1967,48.072,3.487470937742195,Stable
Ghana,1972,49.875,3.7506240639041377,Stable
Ghana,1977,51.756,3.7714285714285722,Stable
Ghana,1982,53.744,3.8411005487286487,Stable
Ghana,1987,55.729,3.6934355462935384,Stable
Ghana,1992,57.501,3.1796730607044776,Stable
Ghana,1997,58.556,1.834750699987826,Stable
Ghana,2002,58.453,-0.1758999931689228,Stable
Ghana,2007,60.022,2.6842078250902355,Stable
Greece,1952,65.86,NA,Stable
Greece,1957,67.86,3.0367446097783177,Stable
Greece,1962,69.51,2.431476569407612,Stable
Greece,1967,71,2.1435764638181483,Stable
Greece,1972,72.34,1.8873239436619764,Stable
Greece,1977,73.68,1.8523638374343427,Stable
Greece,1982,75.24,2.117263843648192,Stable
Greece,1987,76.67,1.9005847953216466,Stable
Greece,1992,77.03,0.46954480239989493,Stable
Greece,1997,77.869,1.0891860314163295,Stable
Greece,2002,78.256,0.4969885320217294,Stable
Greece,2007,79.483,1.5679308934778213,Stable
Guatemala,1952,42.023,NA,Stable
Guatemala,1957,44.142,5.042476738928681,Stable
Guatemala,1962,46.954,6.3703502333378585,Stable
Guatemala,1967,50.016,6.521276142607653,Stable
Guatemala,1972,53.738,7.441618682021756,Stable
Guatemala,1977,56.029,4.263277382857575,Stable
Guatemala,1982,58.137,3.762337361009472,Stable
Guatemala,1987,60.782,4.549598362488597,Stable
Guatemala,1992,63.373,4.262775163699781,Stable
Guatemala,1997,66.322,4.6534012907705256,Stable
Guatemala,2002,68.978,4.004704321341322,Stable
Guatemala,2007,70.259,1.857113862390916,Stable
Guinea,1952,33.609,NA,Stable
Guinea,1957,34.558,2.8236484275045317,Stable
Guinea,1962,35.753,3.4579547427513173,Stable
Guinea,1967,37.197,4.038821917041934,Stable
Guinea,1972,38.842,4.422399655886217,Stable
Guinea,1977,40.762,4.943102826836934,Stable
Guinea,1982,42.891,5.223001815416314,Stable
Guinea,1987,45.552,6.204098761978041,Stable
Guinea,1992,48.576,6.638566912539518,Stable
Guinea,1997,51.455,5.926795125164686,Stable
Guinea,2002,53.676,4.316392964726467,Stable
Guinea,2007,56.007,4.342723004694828,Stable
Guinea-Bissau,1952,32.5,NA,Stable
Guinea-Bissau,1957,33.489,3.0430769230769146,Stable
Guinea-Bissau,1962,34.488,2.9830690674549922,Stable
Guinea-Bissau,1967,35.492,2.9111575040593767,Stable
Guinea-Bissau,1972,36.486,2.8006311281415526,Stable
Guinea-Bissau,1977,37.465,2.6832209614646887,Stable
Guinea-Bissau,1982,39.327,4.969971973842238,Stable
Guinea-Bissau,1987,41.245,4.877056475195157,Stable
Guinea-Bissau,1992,43.266,4.899987877318465,Stable
Guinea-Bissau,1997,44.873,3.714232884944297,Stable
Guinea-Bissau,2002,45.504,1.4061908051612333,Stable
Guinea-Bissau,2007,46.388,1.94268635724332,Stable
Haiti,1952,37.579,NA,Stable
Haiti,1957,40.696,8.294526198142572,Stable
Haiti,1962,43.59,7.1112640062905585,Stable
Haiti,1967,46.243,6.086258316127548,Stable
Haiti,1972,48.042,3.8903185346971423,Stable
Haiti,1977,49.923,3.9153240914200076,Stable
Haiti,1982,51.461,3.080744346293285,Stable
Haiti,1987,53.636,4.226501622587988,Stable
Haiti,1992,55.089,2.7090014169587513,Stable
Haiti,1997,56.671,2.8717166766505127,Stable
Haiti,2002,58.137,2.586861004746698,Stable
Haiti,2007,60.916,4.78008841185475,Stable
Honduras,1952,41.912,NA,Stable
Honduras,1957,44.665,6.5685245275816,Stable
Honduras,1962,48.041,7.558490988469714,Stable
Honduras,1967,50.924,6.0011240398826065,Stable
Honduras,1972,53.884,5.812583457701675,Stable
Honduras,1977,57.402,6.5288397297899206,Stable
Honduras,1982,60.909,6.1095432214905365,Stable
Honduras,1987,64.492,5.882546093352388,Stable
Honduras,1992,66.399,2.956955901507158,Stable
Honduras,1997,67.659,1.8976189400442853,Stable
Honduras,2002,68.565,1.3390679732186281,Stable
Honduras,2007,70.198,2.3816816159848253,Stable
"Hong Kong, China",1952,60.96,NA,Stable
"Hong Kong, China",1957,64.75,6.217191601049867,Stable
"Hong Kong, China",1962,67.65,4.478764478764488,Stable
"Hong Kong, China",1967,70,3.4737620103473676,Stable
"Hong Kong, China",1972,72,2.857142857142857,Stable
"Hong Kong, China",1977,73.6,2.2222222222222143,Stable
"Hong Kong, China",1982,75.45,2.513586956521751,Stable
"Hong Kong, China",1987,76.2,0.9940357852882704,Stable
"Hong Kong, China",1992,77.601,1.8385826771653493,Stable
"Hong Kong, China",1997,80,3.091455007023107,Stable
"Hong Kong, China",2002,81.495,1.868750000000006,Stable
"Hong Kong, China",2007,82.208,0.874900300631933,Stable
Hungary,1952,64.03,NA,Stable
Hungary,1957,66.41,3.717007652662807,Stable
Hungary,1962,67.96,2.333985845505191,Stable
Hungary,1967,69.5,2.266038846380233,Stable
Hungary,1972,69.76,0.37410071942446776,Stable
Hungary,1977,69.95,0.27236238532109763,Stable
Hungary,1982,69.39,-0.8005718370264506,Stable
Hungary,1987,69.58,0.2738146707018269,Stable
Hungary,1992,69.17,-0.5892497844208057,Stable
Hungary,1997,71.04,2.703484169437624,Stable
Hungary,2002,72.59,2.181869369369365,Stable
Hungary,2007,73.338,1.030444964871181,Stable
Iceland,1952,72.49,NA,Stable
Iceland,1957,73.47,1.3519106083597794,Stable
Iceland,1962,73.68,0.28583095140874915,Stable
Iceland,1967,73.73,0.06786102062974642,Stable
Iceland,1972,74.46,0.9900990099009762,Stable
Iceland,1977,76.11,2.215954875100733,Stable
Iceland,1982,76.99,1.1562212587045007,Stable
Iceland,1987,77.23,0.3117287959475375,Stable
Iceland,1992,78.77,1.9940437653761387,Stable
Iceland,1997,78.95,0.22851339342390103,Stable
Iceland,2002,80.5,1.963267891070294,Stable
Iceland,2007,81.757,1.5614906832298199,Stable
India,1952,37.373,NA,Stable
India,1957,40.249,7.695395071308177,Stable
India,1962,43.605,8.338095356406356,Stable
India,1967,47.193,8.228414172686621,Stable
India,1972,50.651,7.327357870870692,Stable
India,1977,54.208,7.022566188229244,Stable
India,1982,56.596,4.405253837072016,Stable
India,1987,58.553,3.457841543571986,Stable
India,1992,60.223,2.8521168855566783,Stable
India,1997,61.765,2.5604835361904947,Stable
India,2002,62.879,1.80361045899781,Stable
India,2007,64.698,2.8928577108414504,Stable
Indonesia,1952,37.468,NA,Stable
Indonesia,1957,39.918,6.53891320593572,Stable
Indonesia,1962,42.518,6.513352372363348,Stable
Indonesia,1967,45.964,8.104802671809582,Stable
Indonesia,1972,49.203,7.046819249847716,Stable
Indonesia,1977,52.702,7.111354998678933,Stable
Indonesia,1982,56.159,6.559523357747336,Stable
Indonesia,1987,60.137,7.083459463309534,Stable
Indonesia,1992,62.681,4.230340722018053,Stable
Indonesia,1997,66.041,5.360476061326398,Stable
Indonesia,2002,68.588,3.856695083357304,Stable
Indonesia,2007,70.65,3.006356797107383,Stable
Iran,1952,44.869,NA,Stable
Iran,1957,47.181,5.152778087320862,Stable
Iran,1962,49.325,4.5442021152582726,Stable
Iran,1967,52.469,6.374049670552455,Stable
Iran,1972,55.234,5.2697783453086595,Stable
Iran,1977,57.702,4.468262302205157,Stable
Iran,1982,59.62,3.3239749055492,Stable
Iran,1987,63.04,5.736330090573636,Stable
Iran,1992,65.742,4.286167512690364,Stable
Iran,1997,68.042,3.4985245353046714,Stable
Iran,2002,69.451,2.070779812468757,Stable
Iran,2007,70.964,2.178514348245533,Stable
Iraq,1952,45.32,NA,Stable
Iraq,1957,48.437,6.877758164165925,Stable
Iraq,1962,51.457,6.234903069967181,Stable
Iraq,1967,54.459,5.833997318149139,Stable
Iraq,1972,56.95,4.5740832552929716,Stable
Iraq,1977,60.413,6.080772607550472,Stable
Iraq,1982,62.038,2.689818416565971,Stable
Iraq,1987,65.044,4.845417324865406,Stable
Iraq,1992,59.461,-8.583420453846626,Stable
Iraq,1997,58.811,-1.0931534955685214,Stable
Iraq,2002,57.046,-3.001139242658687,Stable
Iraq,2007,59.545,4.380675244539499,Stable
Ireland,1952,66.91,NA,Stable
Ireland,1957,68.9,2.9741443730384236,Stable
Ireland,1962,70.29,2.0174165457184334,Stable
Ireland,1967,71.08,1.1239152084222392,Stable
Ireland,1972,71.28,0.28137310073157407,Stable
Ireland,1977,72.03,1.0521885521885523,Stable
Ireland,1982,73.1,1.4854921560460823,Stable
Ireland,1987,74.36,1.723666210670322,Stable
Ireland,1992,75.467,1.4887036040882187,Stable
Ireland,1997,76.122,0.8679290285820308,Stable
Ireland,2002,77.783,2.182023593704844,Stable
Ireland,2007,78.885,1.4167620174074076,Stable
Israel,1952,65.39,NA,Stable
Israel,1957,67.84,3.7467502676250235,Stable
Israel,1962,69.39,2.2847877358490525,Stable
Israel,1967,70.75,1.959936590286784,Stable
Israel,1972,71.63,1.2438162544169546,Stable
Israel,1977,73.06,1.996370235934674,Stable
Israel,1982,74.45,1.9025458527237895,Stable
Israel,1987,75.6,1.5446608462054956,Stable
Israel,1992,76.93,1.759259259259276,Stable
Israel,1997,78.269,1.7405433510983992,Stable
Israel,2002,79.696,1.823199478720812,Stable
Israel,2007,80.745,1.3162517566753746,Stable
Italy,1952,65.94,NA,Stable
Italy,1957,67.81,2.835911434637556,Stable
Italy,1962,69.24,2.108833505382676,Stable
Italy,1967,71.06,2.628538417099953,Stable
Italy,1972,72.19,1.5902054601744942,Stable
Italy,1977,73.48,1.7869511012605712,Stable
Italy,1982,74.98,2.0413718018508433,Stable
Italy,1987,76.42,1.9205121365697488,Stable
Italy,1992,77.44,1.3347291285003873,Stable
Italy,1997,78.82,1.782024793388424,Stable
Italy,2002,80.24,1.8015732047703654,Stable
Italy,2007,80.546,0.3813559322034043,Stable
Jamaica,1952,58.53,NA,Stable
Jamaica,1957,62.61,6.970784213223985,Stable
Jamaica,1962,65.61,4.791566842357451,Stable
Jamaica,1967,67.51,2.8959000152415877,Stable
Jamaica,1972,69,2.2070804325285067,Stable
Jamaica,1977,70.11,1.6086956521739124,Stable
Jamaica,1982,71.21,1.568963058051625,Stable
Jamaica,1987,71.77,0.786406403595004,Stable
Jamaica,1992,71.766,-0.005573359342330609,Stable
Jamaica,1997,72.262,0.6911350778920311,Stable
Jamaica,2002,72.047,-0.29752843818328223,Stable
Jamaica,2007,72.567,0.7217510791566562,Stable
Japan,1952,63.03,NA,Stable
Japan,1957,65.5,3.918768840234807,Stable
Japan,1962,68.73,4.93129770992367,Stable
Japan,1967,71.43,3.928415539065914,Stable
Japan,1972,73.42,2.78594428111437,Stable
Japan,1977,75.38,2.6695723236175346,Stable
Japan,1982,77.11,2.2950384717431733,Stable
Japan,1987,78.67,2.0230839061081602,Stable
Japan,1992,79.36,0.8770814795983193,Stable
Japan,1997,80.69,1.675907258064514,Stable
Japan,2002,82,1.623497335481475,Stable
Japan,2007,82.603,0.7353658536585298,Stable
Jordan,1952,43.158,NA,Stable
Jordan,1957,45.669,5.8181565410815965,Stable
Jordan,1962,48.126,5.380017079419302,Stable
Jordan,1967,51.629,7.278809790965384,Stable
Jordan,1972,56.528,9.488853163919504,Stable
Jordan,1977,61.134,8.14817435607133,Stable
Jordan,1982,63.739,4.26113128537311,Stable
Jordan,1987,65.869,3.3417530868071395,Stable
Jordan,1992,68.015,3.2579817516585967,Stable
Jordan,1997,69.772,2.583253694038087,Stable
Jordan,2002,71.263,2.136960385254829,Stable
Jordan,2007,72.535,1.7849374850904276,Stable
Kenya,1952,42.27,NA,Stable
Kenya,1957,44.686,5.715637568015133,Stable
Kenya,1962,47.949,7.302063286040367,Stable
Kenya,1967,50.654,5.641410665498771,Stable
Kenya,1972,53.559,5.734986378173479,Stable
Kenya,1977,56.155,4.8469911686177936,Stable
Kenya,1982,58.766,4.6496304870447815,Stable
Kenya,1987,59.339,0.9750536024231706,Stable
Kenya,1992,59.285,-0.09100254470079044,Stable
Kenya,1997,54.407,-8.228050940372777,Stable
Kenya,2002,50.992,-6.276765857334533,Stable
Kenya,2007,54.11,6.1146846564166975,Stable
"Korea, Dem. Rep.",1952,50.056,NA,Stable
"Korea, Dem. Rep.",1957,54.081,8.040994086622993,Stable
"Korea, Dem. Rep.",1962,56.656,4.761376453837754,Stable
"Korea, Dem. Rep.",1967,59.942,5.799915278170011,Stable
"Korea, Dem. Rep.",1972,63.983,6.741516799572915,Stable
"Korea, Dem. Rep.",1977,67.159,4.963818514292873,Stable
"Korea, Dem. Rep.",1982,69.1,2.8901561964889115,Stable
"Korea, Dem. Rep.",1987,70.647,2.2387843704775854,Stable
"Korea, Dem. Rep.",1992,69.978,-0.9469616544227089,Stable
"Korea, Dem. Rep.",1997,67.727,-3.216725256509175,Stable
"Korea, Dem. Rep.",2002,66.662,-1.5724895536492058,Stable
"Korea, Dem. Rep.",2007,67.297,0.952566679667563,Stable
"Korea, Rep.",1952,47.453,NA,Stable
"Korea, Rep.",1957,52.681,11.017217035803837,Stable
"Korea, Rep.",1962,55.292,4.956246084926263,Stable
"Korea, Rep.",1967,57.716,4.383997685017723,Stable
"Korea, Rep.",1972,62.612,8.482916349019337,Stable
"Korea, Rep.",1977,64.766,3.4402350987031296,Stable
"Korea, Rep.",1982,67.123,3.639255164746934,Stable
"Korea, Rep.",1987,69.81,4.003098788790724,Stable
"Korea, Rep.",1992,72.244,3.4866065033662763,Stable
"Korea, Rep.",1997,74.647,3.326227783622177,Stable
"Korea, Rep.",2002,77.045,3.2124532801050223,Stable
"Korea, Rep.",2007,78.623,2.0481536764228734,Stable
Kuwait,1952,55.565,NA,Stable
Kuwait,1957,58.033,4.441644920363545,Stable
Kuwait,1962,60.47,4.199334861199658,Stable
Kuwait,1967,64.624,6.869522077063,Stable
Kuwait,1972,67.712,4.778410497647945,Stable
Kuwait,1977,69.343,2.4087310964083177,Stable
Kuwait,1982,71.309,2.8351816333299595,Stable
Kuwait,1987,74.174,4.0177256727762405,Stable
Kuwait,1992,75.19,1.369752204276419,Stable
Kuwait,1997,76.156,1.2847453118765904,Stable
Kuwait,2002,76.904,0.9821944429854383,Stable
Kuwait,2007,77.588,0.8894205763029199,Stable
Lebanon,1952,55.928,NA,Stable
Lebanon,1957,59.489,6.3671148619653835,Stable
Lebanon,1962,62.094,4.37896081628537,Stable
Lebanon,1967,63.87,2.860179727509898,Stable
Lebanon,1972,65.421,2.428370126820117,Stable
Lebanon,1977,66.099,1.0363644701242676,Stable
Lebanon,1982,66.983,1.3373878576075284,Stable
Lebanon,1987,67.926,1.407819894600119,Stable
Lebanon,1992,69.292,2.011011983629243,Stable
Lebanon,1997,70.265,1.4042025053397202,Stable
Lebanon,2002,71.028,1.0858891339927492,Stable
Lebanon,2007,71.993,1.3586191361153195,Stable
Lesotho,1952,42.138,NA,Sharp Decline
Lesotho,1957,45.047,6.903507522900942,Sharp Decline
Lesotho,1962,47.747,5.993739871689575,Sharp Decline
Lesotho,1967,48.492,1.560307453871442,Sharp Decline
Lesotho,1972,49.767,2.6292996782974627,Sharp Decline
Lesotho,1977,52.208,4.904856631904667,Sharp Decline
Lesotho,1982,55.078,5.497241802022687,Sharp Decline
Lesotho,1987,57.18,3.8164058244671133,Sharp Decline
Lesotho,1992,59.685,4.380902413431274,Sharp Decline
Lesotho,1997,55.558,-6.914635167965153,Sharp Decline
Lesotho,2002,44.593,-19.736131610209146,Sharp Decline
Lesotho,2007,42.592,-4.487251362321451,Sharp Decline
Liberia,1952,38.48,NA,Stable
Liberia,1957,39.486,2.6143451143451153,Stable
Liberia,1962,40.502,2.5730638707390097,Stable
Liberia,1967,41.536,2.5529603476371507,Stable
Liberia,1972,42.614,2.5953389830508375,Stable
Liberia,1977,43.764,2.6986436382409673,Stable
Liberia,1982,44.852,2.4860616031441225,Stable
Liberia,1987,46.027,2.619727102470357,Stable
Liberia,1992,40.802,-11.352032502661483,Stable
Liberia,1997,42.221,3.4777706975148206,Stable
Liberia,2002,43.753,3.628526088913109,Stable
Liberia,2007,45.678,4.399698306401841,Stable
Libya,1952,42.723,NA,Stable
Libya,1957,45.289,6.006132528146438,Stable
Libya,1962,47.808,5.562057011636376,Stable
Libya,1967,50.227,5.059822623828642,Stable
Libya,1972,52.773,5.0689867999283384,Stable
Libya,1977,57.442,8.84732723172834,Stable
Libya,1982,62.155,8.204797883082067,Stable
Libya,1987,66.234,6.562625693829931,Stable
Libya,1992,68.755,3.806202252619502,Stable
Libya,1997,71.555,4.072431095920313,Stable
Libya,2002,72.737,1.6518761791628649,Stable
Libya,2007,73.952,1.6704015837881732,Stable
Madagascar,1952,36.681,NA,Stable
Madagascar,1957,38.865,5.954036149505206,Stable
Madagascar,1962,40.848,5.102277113083743,Stable
Madagascar,1967,42.881,4.976987857422643,Stable
Madagascar,1972,44.851,4.594109279167927,Stable
Madagascar,1977,46.881,4.526097522909191,Stable
Madagascar,1982,48.969,4.453829909771551,Stable
Madagascar,1987,49.35,0.7780432518532137,Stable
Madagascar,1992,52.214,5.803444782168181,Stable
Madagascar,1997,54.978,5.293599417780678,Stable
Madagascar,2002,57.286,4.198042853505038,Stable
Madagascar,2007,59.443,3.7653178787138155,Stable
Malawi,1952,36.256,NA,Stable
Malawi,1957,37.207,2.623014121800531,Stable
Malawi,1962,38.41,3.2332625581207726,Stable
Malawi,1967,39.487,2.8039573027857467,Stable
Malawi,1972,41.766,5.771519740674137,Stable
Malawi,1977,43.767,4.79097830771442,Stable
Malawi,1982,45.642,4.284049626430872,Stable
Malawi,1987,47.457,3.9766004995398925,Stable
Malawi,1992,49.42,4.136376087826877,Stable
Malawi,1997,47.495,-3.8951841359773454,Stable
Malawi,2002,45.009,-5.234235182650799,Stable
Malawi,2007,48.303,7.318536292741445,Stable
Malaysia,1952,48.463,NA,Stable
Malaysia,1957,52.102,7.50882116253636,Stable
Malaysia,1962,55.737,6.976699550880975,Stable
Malaysia,1967,59.371,6.5199059870463065,Stable
Malaysia,1972,63.01,6.129255023496313,Stable
Malaysia,1977,65.256,3.5645135692747223,Stable
Malaysia,1982,68,4.204977320093171,Stable
Malaysia,1987,69.5,2.2058823529411766,Stable
Malaysia,1992,70.693,1.716546762589925,Stable
Malaysia,1997,71.938,1.7611361803856176,Stable
Malaysia,2002,73.044,1.5374350134838257,Stable
Malaysia,2007,74.241,1.63873829472647,Stable
Mali,1952,33.685,NA,Stable
Mali,1957,35.307,4.815199643758349,Stable
Mali,1962,36.936,4.613815957175625,Stable
Mali,1967,38.487,4.199155295646529,Stable
Mali,1972,39.977,3.871437108634071,Stable
Mali,1977,41.714,4.344998374065093,Stable
Mali,1982,43.916,5.278803279474513,Stable
Mali,1987,46.364,5.574278167410513,Stable
Mali,1992,48.388,4.365455957208181,Stable
Mali,1997,49.903,3.130941555757627,Stable
Mali,2002,51.818,3.837444642606655,Stable
Mali,2007,54.467,5.1121232004322845,Stable
Mauritania,1952,40.543,NA,Stable
Mauritania,1957,42.338,4.427398071183686,Stable
Mauritania,1962,44.248,4.511313713448903,Stable
Mauritania,1967,46.289,4.612637859338284,Stable
Mauritania,1972,48.437,4.640411328825414,Stable
Mauritania,1977,50.852,4.985857918533351,Stable
Mauritania,1982,53.599,5.401950759065524,Stable
Mauritania,1987,56.145,4.750088621056375,Stable
Mauritania,1992,58.333,3.8970522753584382,Stable
Mauritania,1997,60.43,3.5948776850153457,Stable
Mauritania,2002,62.247,3.0067847095813343,Stable
Mauritania,2007,64.164,3.0796664899513253,Stable
Mauritius,1952,50.986,NA,Stable
Mauritius,1957,58.089,13.931275252029973,Stable
Mauritius,1962,60.246,3.7132675721737396,Stable
Mauritius,1967,61.557,2.1760780798725223,Stable
Mauritius,1972,62.944,2.2531962246373287,Stable
Mauritius,1977,64.93,3.1551855617691986,Stable
Mauritius,1982,66.711,2.742953950408119,Stable
Mauritius,1987,68.74,3.0414774175173456,Stable
Mauritius,1992,69.745,1.4620308408495923,Stable
Mauritius,1997,70.736,1.4208903864076272,Stable
Mauritius,2002,71.954,1.7218954987559223,Stable
Mauritius,2007,72.801,1.1771409511632551,Stable
Mexico,1952,50.789,NA,Stable
Mexico,1957,55.19,8.665262163066798,Stable
Mexico,1962,58.299,5.633266896176847,Stable
Mexico,1967,60.11,3.1063997667198406,Stable
Mexico,1972,62.361,3.7448011978040223,Stable
Mexico,1977,65.032,4.2831256714934005,Stable
Mexico,1982,67.405,3.648972813384187,Stable
Mexico,1987,69.498,3.1051108968177488,Stable
Mexico,1992,71.455,2.8159083714639177,Stable
Mexico,1997,73.67,3.099853054369888,Stable
Mexico,2002,74.902,1.6723225193430151,Stable
Mexico,2007,76.195,1.7262556407038425,Stable
Mongolia,1952,42.244,NA,Stable
Mongolia,1957,45.248,7.111069027554204,Stable
Mongolia,1962,48.251,6.636757425742575,Stable
Mongolia,1967,51.253,6.221632712275399,Stable
Mongolia,1972,53.754,4.879714358183906,Stable
Mongolia,1977,55.491,3.2313874316329985,Stable
Mongolia,1982,57.489,3.600583878466774,Stable
Mongolia,1987,60.222,4.75395293012577,Stable
Mongolia,1992,61.271,1.741888346451462,Stable
Mongolia,1997,63.625,3.841948066785264,Stable
Mongolia,2002,65.033,2.212966601178784,Stable
Mongolia,2007,66.803,2.7216951393907647,Stable
Montenegro,1952,59.164,NA,Stable
Montenegro,1957,61.448,3.8604556825096323,Stable
Montenegro,1962,63.728,3.7104543679208457,Stable
Montenegro,1967,67.178,5.413632939994971,Stable
Montenegro,1972,70.636,5.147518532853016,Stable
Montenegro,1977,73.066,3.440172150178389,Stable
Montenegro,1982,74.101,1.416527523061337,Stable
Montenegro,1987,74.865,1.031025222331677,Stable
Montenegro,1992,75.435,0.7613704668403225,Stable
Montenegro,1997,75.445,0.013256445946829596,Stable
Montenegro,2002,73.981,-1.940486447080653,Stable
Montenegro,2007,74.543,0.7596545058866626,Stable
Morocco,1952,42.873,NA,Stable
Morocco,1957,45.423,5.947799314253737,Stable
Morocco,1962,47.924,5.506021178698011,Stable
Morocco,1967,50.335,5.030882230197816,Stable
Morocco,1972,52.862,5.020363564120395,Stable
Morocco,1977,55.73,5.425447391320788,Stable
Morocco,1982,59.65,7.033913511573663,Stable
Morocco,1987,62.677,5.07460184409053,Stable
Morocco,1992,65.393,4.3333280150613485,Stable
Morocco,1997,67.66,3.4667319132017127,Stable
Morocco,2002,69.615,2.889447236180902,Stable
Morocco,2007,71.164,2.2250951662716467,Stable
Mozambique,1952,31.286,NA,Stable
Mozambique,1957,33.779,7.9684203797225654,Stable
Mozambique,1962,36.161,7.051718523342898,Stable
Mozambique,1967,38.113,5.398080805287459,Stable
Mozambique,1972,40.328,5.811665311048732,Stable
Mozambique,1977,42.495,5.373437809958328,Stable
Mozambique,1982,42.795,0.705965407695033,Stable
Mozambique,1987,42.861,0.15422362425515923,Stable
Mozambique,1992,44.284,3.320034530225618,Stable
Mozambique,1997,46.344,4.6517929726312035,Stable
Mozambique,2002,44.026,-5.001726221301566,Stable
Mozambique,2007,42.082,-4.415572616181353,Stable
Myanmar,1952,36.319,NA,Stable
Myanmar,1957,41.905,15.380379415732806,Stable
Myanmar,1962,45.108,7.643479298413067,Stable
Myanmar,1967,49.379,9.468386982353465,Stable
Myanmar,1972,53.07,7.474837481520489,Stable
Myanmar,1977,56.059,5.632183908045972,Stable
Myanmar,1982,58.056,3.56231827182076,Stable
Myanmar,1987,58.339,0.4874603830784092,Stable
Myanmar,1992,59.32,1.6815509350520266,Stable
Myanmar,1997,60.328,1.699258260283214,Stable
Myanmar,2002,59.908,-0.696194138708397,Stable
Myanmar,2007,62.069,3.6071977031448244,Stable
Namibia,1952,41.725,NA,Stable
Namibia,1957,45.226,8.390653085680041,Stable
Namibia,1962,48.386,6.987131296157085,Stable
Namibia,1967,51.159,5.730996569255561,Stable
Namibia,1972,53.867,5.293301276412749,Stable
Namibia,1977,56.437,4.771010080383166,Stable
Namibia,1982,58.968,4.484646597090572,Stable
Namibia,1987,60.835,3.166123999457328,Stable
Namibia,1992,61.999,1.913372236377088,Stable
Namibia,1997,58.909,-4.983951354054103,Stable
Namibia,2002,51.479,-12.612673784990408,Stable
Namibia,2007,52.906,2.7720041181841135,Stable
Nepal,1952,36.157,NA,Stable
Nepal,1957,37.686,4.228780042592039,Stable
Nepal,1962,39.393,4.529533513771694,Stable
Nepal,1967,41.472,5.2775873886223454,Stable
Nepal,1972,43.971,6.0257523148148024,Stable
Nepal,1977,46.748,6.315526142230109,Stable
Nepal,1982,49.594,6.0879609822880205,Stable
Nepal,1987,52.537,5.93418558696616,Stable
Nepal,1992,55.727,6.0719112244703695,Stable
Nepal,1997,59.426,6.637716008398094,Stable
Nepal,2002,61.34,3.220812438999767,Stable
Nepal,2007,63.785,3.985979784805988,Stable
Netherlands,1952,72.13,NA,Stable
Netherlands,1957,72.99,1.1922916955497012,Stable
Netherlands,1962,73.23,0.32881216605015634,Stable
Netherlands,1967,73.82,0.8056807319404468,Stable
Netherlands,1972,73.75,-0.09482525060958166,Stable
Netherlands,1977,75.24,2.0203389830508405,Stable
Netherlands,1982,76.05,1.076555023923448,Stable
Netherlands,1987,76.83,1.025641025641027,Stable
Netherlands,1992,77.42,0.7679291943251378,Stable
Netherlands,1997,78.03,0.7879101007491597,Stable
Netherlands,2002,78.53,0.6407791874919903,Stable
Netherlands,2007,79.762,1.5688271997962553,Stable
New Zealand,1952,69.39,NA,Stable
New Zealand,1957,70.26,1.253782965845229,Stable
New Zealand,1962,71.24,1.3948192428123962,Stable
New Zealand,1967,71.52,0.3930376193149932,Stable
New Zealand,1972,71.89,0.5173378076062705,Stable
New Zealand,1977,72.22,0.45903463624982377,Stable
New Zealand,1982,73.84,2.243145942952097,Stable
New Zealand,1987,74.32,0.6500541711809179,Stable
New Zealand,1992,76.33,2.7045209903121705,Stable
New Zealand,1997,77.55,1.5983230708764562,Stable
New Zealand,2002,79.11,2.0116054158607377,Stable
New Zealand,2007,80.204,1.38288459107571,Stable
Nicaragua,1952,42.314,NA,Stable
Nicaragua,1957,45.432,7.368719572718255,Stable
Nicaragua,1962,48.632,7.043493572812105,Stable
Nicaragua,1967,51.884,6.686955091297916,Stable
Nicaragua,1972,55.151,6.29673887903786,Stable
Nicaragua,1977,57.47,4.204819495566708,Stable
Nicaragua,1982,59.298,3.180789977379508,Stable
Nicaragua,1987,62.008,4.570137272757935,Stable
Nicaragua,1992,65.843,6.184685846987486,Stable
Nicaragua,1997,68.426,3.9229682730130744,Stable
Nicaragua,2002,70.836,3.5220530207815695,Stable
Nicaragua,2007,72.899,2.9123609464114324,Stable
Niger,1952,37.444,NA,Stable
Niger,1957,38.598,3.081935690631333,Stable
Niger,1962,39.487,2.3032281465360973,Stable
Niger,1967,40.118,1.5979942765973614,Stable
Niger,1972,40.546,1.0668527842863484,Stable
Niger,1977,41.291,1.8374192275440178,Stable
Niger,1982,42.598,3.1653386936620627,Stable
Niger,1987,44.555,4.594112399643178,Stable
Niger,1992,47.391,6.365166647963188,Stable
Niger,1997,51.313,8.275832964064916,Stable
Niger,2002,54.496,6.203106425272348,Stable
Niger,2007,56.867,4.350778038755129,Stable
Nigeria,1952,36.324,NA,Stable
Nigeria,1957,37.802,4.068935139301844,Stable
Nigeria,1962,39.36,4.1214750542299345,Stable
Nigeria,1967,41.04,4.268292682926829,Stable
Nigeria,1972,42.821,4.339668615984403,Stable
Nigeria,1977,44.514,3.9536675930034444,Stable
Nigeria,1982,45.826,2.9473873388147496,Stable
Nigeria,1987,46.886,2.313097368306207,Stable
Nigeria,1992,47.472,1.2498400375378547,Stable
Nigeria,1997,47.464,-0.016852039096736333,Stable
Nigeria,2002,46.608,-1.8034721051744516,Stable
Nigeria,2007,46.859,0.5385341572262375,Stable
Norway,1952,72.67,NA,Stable
Norway,1957,73.44,1.0595844227328965,Stable
Norway,1962,73.47,0.040849673202615934,Stable
Norway,1967,74.08,0.8302708588539532,Stable
Norway,1972,74.34,0.3509719222462272,Stable
Norway,1977,75.37,1.3855259617971496,Stable
Norway,1982,75.97,0.7960727079739873,Stable
Norway,1987,75.89,-0.10530472554955679,Stable
Norway,1992,77.32,1.8843062327052216,Stable
Norway,1997,78.32,1.2933264355923437,Stable
Norway,2002,79.05,0.9320735444331001,Stable
Norway,2007,80.196,1.4497153700189764,Stable
Oman,1952,37.578,NA,Stable
Oman,1957,40.08,6.658151045824671,Stable
Oman,1962,43.165,7.697105788423156,Stable
Oman,1967,46.988,8.856712614386657,Stable
Oman,1972,52.143,10.970886183706481,Stable
Oman,1977,57.367,10.018602688759751,Stable
Oman,1982,62.728,9.345093869297688,Stable
Oman,1987,67.734,7.98048718275729,Stable
Oman,1992,71.197,5.112646529069608,Stable
Oman,1997,72.499,1.8287287385704347,Stable
Oman,2002,74.193,2.3365839528821124,Stable
Oman,2007,75.64,1.9503187632256451,Stable
Pakistan,1952,43.436,NA,Stable
Pakistan,1957,45.557,4.8830463210240405,Stable
Pakistan,1962,47.67,4.638145619773031,Stable
Pakistan,1967,49.8,4.46821900566393,Stable
Pakistan,1972,51.929,4.275100401606436,Stable
Pakistan,1977,54.043,4.070943018351976,Stable
Pakistan,1982,56.158,3.913550321040656,Stable
Pakistan,1987,58.245,3.7163004380497813,Stable
Pakistan,1992,60.838,4.4518842819126165,Stable
Pakistan,1997,61.818,1.6108353331799152,Stable
Pakistan,2002,63.61,2.898832055388401,Stable
Pakistan,2007,65.483,2.9445055808835163,Stable
Panama,1952,55.191,NA,Stable
Panama,1957,59.201,7.265677374934315,Stable
Panama,1962,61.817,4.418844276279117,Stable
Panama,1967,64.071,3.646246178235757,Stable
Panama,1972,66.216,3.347848480591838,Stable
Panama,1977,68.681,3.7226652168660195,Stable
Panama,1982,70.472,2.607708099765578,Stable
Panama,1987,71.523,1.49137245998411,Stable
Panama,1992,72.462,1.3128643932721042,Stable
Panama,1997,73.738,1.7609229665203778,Stable
Panama,2002,74.712,1.320892891046684,Stable
Panama,2007,75.537,1.104240282685516,Stable
Paraguay,1952,62.649,NA,Stable
Paraguay,1957,63.196,0.8731184855304907,Stable
Paraguay,1962,64.361,1.8434711057661974,Stable
Paraguay,1967,64.951,0.9167042152856375,Stable
Paraguay,1972,65.815,1.330233560684215,Stable
Paraguay,1977,66.353,0.8174428321811087,Stable
Paraguay,1982,66.874,0.7851943393667217,Stable
Paraguay,1987,67.378,0.7536561294374569,Stable
Paraguay,1992,68.225,1.2570868829588207,Stable
Paraguay,1997,69.4,1.7222425796995404,Stable
Paraguay,2002,70.755,1.952449567723328,Stable
Paraguay,2007,71.752,1.4090876969825452,Stable
Peru,1952,43.902,NA,Stable
Peru,1957,46.263,5.377887112204449,Stable
Peru,1962,49.096,6.123684153643297,Stable
Peru,1967,51.445,4.784503829232532,Stable
Peru,1972,55.448,7.781125473806978,Stable
Peru,1977,58.447,5.408671187418847,Stable
Peru,1982,61.406,5.062706383561168,Stable
Peru,1987,64.134,4.44256261603101,Stable
Peru,1992,66.458,3.623662955686528,Stable
Peru,1997,68.386,2.901080381594386,Stable
Peru,2002,69.906,2.222677156143085,Stable
Peru,2007,71.421,2.167195948845593,Stable
Philippines,1952,47.752,NA,Stable
Philippines,1957,51.334,7.501256491874687,Stable
Philippines,1962,54.757,6.668095219542593,Stable
Philippines,1967,56.393,2.9877458589769397,Stable
Philippines,1972,58.065,2.964906992002548,Stable
Philippines,1977,60.06,3.4358047016274944,Stable
Philippines,1982,62.082,3.366633366633364,Stable
Philippines,1987,64.151,3.332689024193801,Stable
Philippines,1992,66.458,3.596202709232907,Stable
Philippines,1997,68.564,3.1689187155797565,Stable
Philippines,2002,70.303,2.536316434280387,Stable
Philippines,2007,71.688,1.9700439526051594,Stable
Poland,1952,61.31,NA,Stable
Poland,1957,65.77,7.274506605773926,Stable
Poland,1962,67.64,2.843241599513463,Stable
Poland,1967,69.61,2.912477823772914,Stable
Poland,1972,70.85,1.7813532538428312,Stable
Poland,1977,70.67,-0.2540578687367574,Stable
Poland,1982,71.32,0.9197679354747296,Stable
Poland,1987,70.98,-0.47672462142455024,Stable
Poland,1992,70.99,0.014088475626924352,Stable
Poland,1997,72.75,2.479222425693767,Stable
Poland,2002,74.67,2.639175257731961,Stable
Poland,2007,75.563,1.1959287531806624,Stable
Portugal,1952,59.82,NA,Stable
Portugal,1957,61.51,2.8251420929454993,Stable
Portugal,1962,64.39,4.6821655015444685,Stable
Portugal,1967,66.6,3.4322099704923024,Stable
Portugal,1972,69.26,3.9939939939940103,Stable
Portugal,1977,70.41,1.6604100490903717,Stable
Portugal,1982,72.77,3.3517966197983236,Stable
Portugal,1987,74.06,1.7727085337364386,Stable
Portugal,1992,74.86,1.0802052389954053,Stable
Portugal,1997,75.97,1.482767833288805,Stable
Portugal,2002,77.29,1.7375279715677336,Stable
Portugal,2007,78.098,1.045413378186043,Stable
Puerto Rico,1952,64.28,NA,Stable
Puerto Rico,1957,68.54,6.627255756067214,Stable
Puerto Rico,1962,69.62,1.5757222060110858,Stable
Puerto Rico,1967,71.1,2.1258259120942107,Stable
Puerto Rico,1972,72.16,1.4908579465541523,Stable
Puerto Rico,1977,73.44,1.7738359201773852,Stable
Puerto Rico,1982,73.75,0.4221132897603517,Stable
Puerto Rico,1987,74.63,1.1932203389830447,Stable
Puerto Rico,1992,73.911,-0.9634195363794642,Stable
Puerto Rico,1997,74.917,1.361096453843136,Stable
Puerto Rico,2002,77.778,3.8188929081516934,Stable
Puerto Rico,2007,78.746,1.244567872663207,Stable
Reunion,1952,52.724,NA,Stable
Reunion,1957,55.09,4.487519915029222,Stable
Reunion,1962,57.666,4.675984752223622,Stable
Reunion,1967,60.542,4.987340894114391,Stable
Reunion,1972,64.274,6.16431568167553,Stable
Reunion,1977,67.064,4.340790988580129,Stable
Reunion,1982,69.885,4.206429679112508,Stable
Reunion,1987,71.913,2.901910281176206,Stable
Reunion,1992,73.615,2.366748710247102,Stable
Reunion,1997,74.772,1.5716905521972568,Stable
Reunion,2002,75.744,1.2999518536350427,Stable
Reunion,2007,76.442,0.9215251373045961,Stable
Romania,1952,61.05,NA,Stable
Romania,1957,64.1,4.995904995904992,Stable
Romania,1962,66.8,4.212168486739475,Stable
Romania,1967,66.8,0,Stable
Romania,1972,69.21,3.6077844311377194,Stable
Romania,1977,69.46,0.36121947695419737,Stable
Romania,1982,69.66,0.28793550244745586,Stable
Romania,1987,69.53,-0.18662072925638165,Stable
Romania,1992,69.36,-0.2444987775061149,Stable
Romania,1997,69.72,0.5190311418685113,Stable
Romania,2002,71.322,2.297762478485376,Stable
Romania,2007,72.476,1.6180140770028832,Stable
Rwanda,1952,40,NA,Sharp Decline
Rwanda,1957,41.5,3.75,Sharp Decline
Rwanda,1962,43,3.614457831325301,Sharp Decline
Rwanda,1967,44.1,2.5581395348837246,Sharp Decline
Rwanda,1972,44.6,1.1337868480725624,Sharp Decline
Rwanda,1977,45,0.896860986547082,Sharp Decline
Rwanda,1982,46.218,2.7066666666666745,Sharp Decline
Rwanda,1987,44.02,-4.755722878532174,Sharp Decline
Rwanda,1992,23.599,-46.39027714675148,Sharp Decline
Rwanda,1997,36.087,52.917496504089165,Sharp Decline
Rwanda,2002,43.413,20.30093939645854,Sharp Decline
Rwanda,2007,46.242,6.516481238338748,Sharp Decline
Sao Tome and Principe,1952,46.471,NA,Stable
Sao Tome and Principe,1957,48.945,5.323750295883463,Stable
Sao Tome and Principe,1962,51.893,6.023087138624987,Stable
Sao Tome and Principe,1967,54.425,4.879270807237964,Stable
Sao Tome and Principe,1972,56.48,3.775838309600367,Stable
Sao Tome and Principe,1977,58.55,3.66501416430595,Stable
Sao Tome and Principe,1982,60.351,3.0760034158838634,Stable
Sao Tome and Principe,1987,61.728,2.281652333846999,Stable
Sao Tome and Principe,1992,62.742,1.6426905132192777,Stable
Sao Tome and Principe,1997,63.306,0.8989193841445923,Stable
Sao Tome and Principe,2002,64.337,1.6285976052822893,Stable
Sao Tome and Principe,2007,65.528,1.8511898285589978,Stable
Saudi Arabia,1952,39.875,NA,Stable
Saudi Arabia,1957,42.868,7.50595611285267,Stable
Saudi Arabia,1962,45.914,7.105533264906222,Stable
Saudi Arabia,1967,49.901,8.683625909308713,Stable
Saudi Arabia,1972,53.886,7.985811907577,Stable
Saudi Arabia,1977,58.69,8.915117099060971,Stable
Saudi Arabia,1982,63.012,7.364116544556147,Stable
Saudi Arabia,1987,66.295,5.210118707547771,Stable
Saudi Arabia,1992,68.768,3.7302964024436216,Stable
Saudi Arabia,1997,70.533,2.5666007445323413,Stable
Saudi Arabia,2002,71.626,1.5496292515560142,Stable
Saudi Arabia,2007,72.777,1.6069583670734036,Stable
Senegal,1952,37.278,NA,Stable
Senegal,1957,39.329,5.501904608616347,Stable
Senegal,1962,41.454,5.4031376338071135,Stable
Senegal,1967,43.563,5.087566941670289,Stable
Senegal,1972,45.815,5.169524596561291,Stable
Senegal,1977,48.879,6.687766015497108,Stable
Senegal,1982,52.379,7.160539290902024,Stable
Senegal,1987,55.769,6.472059413123582,Stable
Senegal,1992,58.196,4.351880076745145,Stable
Senegal,1997,60.187,3.4211973331500447,Stable
Senegal,2002,61.6,2.3476830544802096,Stable
Senegal,2007,63.062,2.3733766233766174,Stable
Serbia,1952,57.996,NA,Stable
Serbia,1957,61.685,6.360783502310505,Stable
Serbia,1962,64.531,4.613763475723439,Stable
Serbia,1967,66.914,3.6927988098743167,Stable
Serbia,1972,68.7,2.669097647726935,Stable
Serbia,1977,70.3,2.328966521106251,Stable
Serbia,1982,70.162,-0.1963015647226046,Stable
Serbia,1987,71.218,1.5050882243949677,Stable
Serbia,1992,71.659,0.6192254767053308,Stable
Serbia,1997,72.232,0.7996204245105196,Stable
Serbia,2002,73.213,1.3581238232362312,Stable
Serbia,2007,74.002,1.0776774616529872,Stable
Sierra Leone,1952,30.331,NA,Stable
Sierra Leone,1957,31.57,4.0849296099700005,Stable
Sierra Leone,1962,32.767,3.791574279379166,Stable
Sierra Leone,1967,34.113,4.107791375469211,Stable
Sierra Leone,1972,35.4,3.77275525459502,Stable
Sierra Leone,1977,36.788,3.9209039548022546,Stable
Sierra Leone,1982,38.445,4.504186147656855,Stable
Sierra Leone,1987,40.006,4.060345948757966,Stable
Sierra Leone,1992,38.333,-4.181872719092141,Stable
Sierra Leone,1997,39.897,4.080035478569379,Stable
Sierra Leone,2002,41.012,2.794696343083445,Stable
Sierra Leone,2007,42.568,3.794011508826679,Stable
Singapore,1952,60.396,NA,Stable
Singapore,1957,63.179,4.607921054374464,Stable
Singapore,1962,65.798,4.145364757276942,Stable
Singapore,1967,67.946,3.2645369160156785,Stable
Singapore,1972,69.521,2.318017248991851,Stable
Singapore,1977,70.795,1.8325398081155346,Stable
Singapore,1982,71.76,1.3630906137439134,Stable
Singapore,1987,73.56,2.508361204013374,Stable
Singapore,1992,75.788,3.028820010875468,Stable
Singapore,1997,77.158,1.8076740381063026,Stable
Singapore,2002,78.77,2.089219523574995,Stable
Singapore,2007,79.972,1.5259616605306567,Stable
Slovak Republic,1952,64.36,NA,Stable
Slovak Republic,1957,67.45,4.801118707271603,Stable
Slovak Republic,1962,70.33,4.269829503335798,Stable
Slovak Republic,1967,70.98,0.9242144177449249,Stable
Slovak Republic,1972,70.35,-0.887573964497055,Stable
Slovak Republic,1977,70.45,0.14214641080313936,Stable
Slovak Republic,1982,70.8,0.49680624556422187,Stable
Slovak Republic,1987,71.08,0.3954802259887022,Stable
Slovak Republic,1992,71.38,0.4220596510973511,Stable
Slovak Republic,1997,72.71,1.8632670215746685,Stable
Slovak Republic,2002,73.8,1.499106037683955,Stable
Slovak Republic,2007,74.663,1.169376693766937,Stable
Slovenia,1952,65.57,NA,Stable
Slovenia,1957,67.85,3.4771999389964945,Stable
Slovenia,1962,69.15,1.9159911569639076,Stable
Slovenia,1967,69.18,0.04338394793926412,Stable
Slovenia,1972,69.82,0.9251228678808706,Stable
Slovenia,1977,70.97,1.6470925236322054,Stable
Slovenia,1982,71.063,0.1310412850500261,Stable
Slovenia,1987,72.25,1.6703488453907063,Stable
Slovenia,1992,73.64,1.9238754325259524,Stable
Slovenia,1997,75.13,2.0233568712656096,Stable
Slovenia,2002,76.66,2.0364701184613354,Stable
Slovenia,2007,77.926,1.651447951995833,Stable
Somalia,1952,32.978,NA,Stable
Somalia,1957,34.977,6.061616835466054,Stable
Somalia,1962,36.981,5.7294793721588615,Stable
Somalia,1967,38.977,5.397366215083408,Stable
Somalia,1972,40.973,5.120968776457917,Stable
Somalia,1977,41.974,2.4430722671027203,Stable
Somalia,1982,42.955,2.337161099728408,Stable
Somalia,1987,44.501,3.5991153532766837,Stable
Somalia,1992,39.658,-10.882901507831278,Stable
Somalia,1997,43.795,10.431690957688234,Stable
Somalia,2002,45.936,4.888685923050573,Stable
Somalia,2007,48.159,4.839341692789966,Stable
South Africa,1952,45.009,NA,Stable
South Africa,1957,47.985,6.612010931147101,Stable
South Africa,1962,49.951,4.097113681358761,Stable
South Africa,1967,51.927,3.955876759224038,Stable
South Africa,1972,53.696,3.406705567431198,Stable
South Africa,1977,55.527,3.409937425506561,Stable
South Africa,1982,58.161,4.743638230050246,Stable
South Africa,1987,60.834,4.595863207303866,Stable
South Africa,1992,61.888,1.7325837525068135,Stable
South Africa,1997,60.236,-2.669338159255431,Stable
South Africa,2002,53.365,-11.406799920313427,Stable
South Africa,2007,49.339,-7.544270589337588,Stable
Spain,1952,64.94,NA,Stable
Spain,1957,66.66,2.6485987064983045,Stable
Spain,1962,69.69,4.545454545454548,Stable
Spain,1967,71.44,2.51112067728512,Stable
Spain,1972,73.06,2.267637178051518,Stable
Spain,1977,74.39,1.8204215713112486,Stable
Spain,1982,76.3,2.5675494018013127,Stable
Spain,1987,76.9,0.7863695937090545,Stable
Spain,1992,77.57,0.8712613784135077,Stable
Spain,1997,78.77,1.546989815650384,Stable
Spain,2002,79.78,1.2822140408785137,Stable
Spain,2007,80.941,1.4552519428428194,Stable
Sri Lanka,1952,57.593,NA,Stable
Sri Lanka,1957,61.456,6.707412359140867,Stable
Sri Lanka,1962,62.192,1.197604790419157,Stable
Sri Lanka,1967,64.266,3.33483406225882,Stable
Sri Lanka,1972,65.042,1.207481405408764,Stable
Sri Lanka,1977,65.949,1.3944835644660318,Stable
Sri Lanka,1982,68.757,4.257835600236557,Stable
Sri Lanka,1987,69.011,0.36941693209417314,Stable
Sri Lanka,1992,70.379,1.9822926779788863,Stable
Sri Lanka,1997,70.457,0.1108285141874547,Stable
Sri Lanka,2002,70.815,0.5081113303149498,Stable
Sri Lanka,2007,72.396,2.2325778436771913,Stable
Sudan,1952,38.635,NA,Stable
Sudan,1957,39.624,2.5598550537077895,Stable
Sudan,1962,40.87,3.1445588532202575,Stable
Sudan,1967,42.858,4.864203572302421,Stable
Sudan,1972,45.083,5.191562835409962,Stable
Sudan,1977,47.8,6.026661934653858,Stable
Sudan,1982,50.338,5.309623430962351,Stable
Sudan,1987,51.744,2.7931185188128227,Stable
Sudan,1992,53.556,3.5018552875695685,Stable
Sudan,1997,55.373,3.3927104339383085,Stable
Sudan,2002,56.369,1.7987105629097253,Stable
Sudan,2007,58.556,3.879792084301651,Stable
Swaziland,1952,41.407,NA,Sharp Decline
Swaziland,1957,43.424,4.87115705074022,Sharp Decline
Swaziland,1962,44.992,3.6109064112011744,Sharp Decline
Swaziland,1967,46.633,3.6473150782361428,Sharp Decline
Swaziland,1972,49.552,6.2595157935367585,Sharp Decline
Swaziland,1977,52.537,6.023974814336454,Sharp Decline
Swaziland,1982,55.561,5.75594343034433,Sharp Decline
Swaziland,1987,57.678,3.8102265977934113,Sharp Decline
Swaziland,1992,58.474,1.3800755920801682,Sharp Decline
Swaziland,1997,54.289,-7.157027054759372,Sharp Decline
Swaziland,2002,43.869,-19.193575125716077,Sharp Decline
Swaziland,2007,39.613,-9.701611616403383,Sharp Decline
Sweden,1952,71.86,NA,Stable
Sweden,1957,72.49,0.8767047035903083,Stable
Sweden,1962,73.37,1.2139605462822591,Stable
Sweden,1967,74.16,1.07673436009267,Stable
Sweden,1972,74.72,0.755124056094933,Stable
Sweden,1977,75.44,0.9635974304068506,Stable
Sweden,1982,76.42,1.299045599151649,Stable
Sweden,1987,77.19,1.0075896362208794,Stable
Sweden,1992,78.16,1.2566394610700855,Stable
Sweden,1997,79.39,1.5736949846468833,Stable
Sweden,2002,80.04,0.8187429147247836,Stable
Sweden,2007,80.884,1.0544727636181834,Stable
Switzerland,1952,69.62,NA,Stable
Switzerland,1957,70.56,1.3501867279517346,Stable
Switzerland,1962,71.32,1.0770975056689214,Stable
Switzerland,1967,72.77,2.0330902972518268,Stable
Switzerland,1972,73.78,1.387934588429305,Stable
Switzerland,1977,75.39,2.1821631878557866,Stable
Switzerland,1982,76.21,1.0876774107971787,Stable
Switzerland,1987,77.41,1.5745965096444077,Stable
Switzerland,1992,78.03,0.8009301123885861,Stable
Switzerland,1997,79.37,1.7172882224785382,Stable
Switzerland,2002,80.62,1.5749023560539244,Stable
Switzerland,2007,81.701,1.340858347804501,Stable
Syria,1952,45.883,NA,Stable
Syria,1957,48.284,5.232874920994695,Stable
Syria,1962,50.305,4.185651561593905,Stable
Syria,1967,53.655,6.659377795447771,Stable
Syria,1972,57.296,6.7859472556145715,Stable
Syria,1977,61.195,6.805012566322258,Stable
Syria,1982,64.59,5.547838875725146,Stable
Syria,1987,66.974,3.6909738349589722,Stable
Syria,1992,69.249,3.3968405649953586,Stable
Syria,1997,71.527,3.2895781888547213,Stable
Syria,2002,73.053,2.133460091993228,Stable
Syria,2007,74.143,1.4920674031182888,Stable
Taiwan,1952,58.5,NA,Stable
Taiwan,1957,62.4,6.666666666666663,Stable
Taiwan,1962,65.2,4.487179487179494,Stable
Taiwan,1967,67.5,3.527607361963186,Stable
Taiwan,1972,69.39,2.8000000000000007,Stable
Taiwan,1977,70.59,1.7293558149589316,Stable
Taiwan,1982,72.16,2.2241110638900596,Stable
Taiwan,1987,73.4,1.7184035476718529,Stable
Taiwan,1992,74.26,1.1716621253405985,Stable
Taiwan,1997,75.25,1.3331537840021477,Stable
Taiwan,2002,76.99,2.3122923588039797,Stable
Taiwan,2007,78.4,1.8314066761917274,Stable
Tanzania,1952,41.215,NA,Stable
Tanzania,1957,42.974,4.26786364187794,Stable
Tanzania,1962,44.246,2.9599292595523004,Stable
Tanzania,1967,45.757,3.4149979659178133,Stable
Tanzania,1972,47.62,4.071508184540069,Stable
Tanzania,1977,49.919,4.827803443931121,Stable
Tanzania,1982,50.608,1.3802359822913122,Stable
Tanzania,1987,51.535,1.8317262092949724,Stable
Tanzania,1992,50.44,-2.1247695740758687,Stable
Tanzania,1997,48.466,-3.9135606661379794,Stable
Tanzania,2002,49.651,2.445012998803289,Stable
Tanzania,2007,52.517,5.772290588306377,Stable
Thailand,1952,50.848,NA,Stable
Thailand,1957,53.63,5.4712083071113975,Stable
Thailand,1962,56.061,4.532910684318473,Stable
Thailand,1967,58.285,3.967107258165207,Stable
Thailand,1972,60.405,3.637299476709281,Stable
Thailand,1977,62.494,3.458322986507737,Stable
Thailand,1982,64.597,3.3651230518129656,Stable
Thailand,1987,66.084,2.301964487514914,Stable
Thailand,1992,67.298,1.8370558682888425,Stable
Thailand,1997,67.521,0.33136200184254955,Stable
Thailand,2002,68.564,1.5447046104174882,Stable
Thailand,2007,70.616,2.9928242226241277,Stable
Togo,1952,38.596,NA,Stable
Togo,1957,41.208,6.76754067779045,Stable
Togo,1962,43.922,6.58609978644923,Stable
Togo,1967,46.769,6.481945266608992,Stable
Togo,1972,49.759,6.393123650281174,Stable
Togo,1977,52.887,6.286299965835326,Stable
Togo,1982,55.471,4.885888781742198,Stable
Togo,1987,56.941,2.6500333507598675,Stable
Togo,1992,58.061,1.9669482446743074,Stable
Togo,1997,58.39,0.5666454246396043,Stable
Togo,2002,57.561,-1.419763658160645,Stable
Togo,2007,58.42,1.4923298761314114,Stable
Trinidad and Tobago,1952,59.1,NA,Stable
Trinidad and Tobago,1957,61.8,4.568527918781719,Stable
Trinidad and Tobago,1962,64.9,5.016181229773477,Stable
Trinidad and Tobago,1967,65.4,0.7704160246533127,Stable
Trinidad and Tobago,1972,65.9,0.7645259938837919,Stable
Trinidad and Tobago,1977,68.3,3.6418816388467246,Stable
Trinidad and Tobago,1982,68.832,0.7789165446559246,Stable
Trinidad and Tobago,1987,69.582,1.0896094839609485,Stable
Trinidad and Tobago,1992,69.862,0.4024029202954804,Stable
Trinidad and Tobago,1997,69.465,-0.5682631473476158,Stable
Trinidad and Tobago,2002,68.976,-0.7039516303174322,Stable
Trinidad and Tobago,2007,69.819,1.2221642310368876,Stable
Tunisia,1952,44.6,NA,Stable
Tunisia,1957,47.1,5.605381165919282,Stable
Tunisia,1962,49.579,5.263269639065816,Stable
Tunisia,1967,52.053,4.990015934165668,Stable
Tunisia,1972,55.602,6.818050832805025,Stable
Tunisia,1977,59.837,7.616632495233996,Stable
Tunisia,1982,64.048,7.0374517439042705,Stable
Tunisia,1987,66.894,4.443542343242574,Stable
Tunisia,1992,70.001,4.644661703590755,Stable
Tunisia,1997,71.973,2.8171026128198084,Stable
Tunisia,2002,73.042,1.485279201922947,Stable
Tunisia,2007,73.923,1.2061553626680543,Stable
Turkey,1952,43.585,NA,Stable
Turkey,1957,48.079,10.310886772972353,Stable
Turkey,1962,52.098,8.359158884336193,Stable
Turkey,1967,54.336,4.295750316710813,Stable
Turkey,1972,57.005,4.912028857479395,Stable
Turkey,1977,59.507,4.389088676431883,Stable
Turkey,1982,61.036,2.5694456114406767,Stable
Turkey,1987,63.108,3.394717871420138,Stable
Turkey,1992,66.146,4.813969702731831,Stable
Turkey,1997,68.835,4.065249599371078,Stable
Turkey,2002,70.845,2.9200261494879136,Stable
Turkey,2007,71.777,1.3155480273837281,Stable
Uganda,1952,39.978,NA,Stable
Uganda,1957,42.571,6.48606733703536,Stable
Uganda,1962,45.344,6.513823964670793,Stable
Uganda,1967,48.051,5.969918842625265,Stable
Uganda,1972,51.016,6.170527148238322,Stable
Uganda,1977,50.35,-1.305472792849296,Stable
Uganda,1982,49.849,-0.9950347567030879,Stable
Uganda,1987,51.509,3.330056771449786,Stable
Uganda,1992,48.825,-5.210739870702202,Stable
Uganda,1997,44.578,-8.698412698412698,Stable
Uganda,2002,47.813,7.256942886625688,Stable
Uganda,2007,51.542,7.799134126701941,Stable
United Kingdom,1952,69.18,NA,Stable
United Kingdom,1957,70.42,1.7924255565192178,Stable
United Kingdom,1962,70.76,0.4828173814257362,Stable
United Kingdom,1967,71.36,0.8479366873939999,Stable
United Kingdom,1972,72.01,0.9108744394618914,Stable
United Kingdom,1977,72.76,1.0415220108318288,Stable
United Kingdom,1982,74.04,1.7592083562396936,Stable
United Kingdom,1987,75.007,1.306050783360344,Stable
United Kingdom,1992,76.42,1.883824176410197,Stable
United Kingdom,1997,77.218,1.044229259356192,Stable
United Kingdom,2002,78.471,1.6226786500556867,Stable
United Kingdom,2007,79.425,1.2157357495125505,Stable
United States,1952,68.44,NA,Stable
United States,1957,69.49,1.5341905318527136,Stable
United States,1962,70.21,1.036120305079866,Stable
United States,1967,70.76,0.7833641931348975,Stable
United States,1972,71.34,0.8196721311475386,Stable
United States,1977,73.38,2.8595458368376674,Stable
United States,1982,74.65,1.7307168165712867,Stable
United States,1987,75.02,0.4956463496316012,Stable
United States,1992,76.09,1.4262863236470373,Stable
United States,1997,76.81,0.946247864371138,Stable
United States,2002,77.31,0.6509569066527796,Stable
United States,2007,78.242,1.20553615314966,Stable
Uruguay,1952,66.071,NA,Stable
Uruguay,1957,67.044,1.4726582010261673,Stable
Uruguay,1962,68.253,1.8032933595847553,Stable
Uruguay,1967,68.468,0.3150044686680489,Stable
Uruguay,1972,68.673,0.2994099433311887,Stable
Uruguay,1977,69.481,1.1765905086423962,Stable
Uruguay,1982,70.805,1.905556914840046,Stable
Uruguay,1987,71.918,1.5719228868017787,Stable
Uruguay,1992,72.752,1.1596540504463262,Stable
Uruguay,1997,74.223,2.021937541235985,Stable
Uruguay,2002,75.307,1.4604637376554481,Stable
Uruguay,2007,76.384,1.4301459359687654,Stable
Venezuela,1952,55.088,NA,Stable
Venezuela,1957,57.907,5.117266918385121,Stable
Venezuela,1962,60.77,4.944134560588542,Stable
Venezuela,1967,63.479,4.457791673523113,Stable
Venezuela,1972,65.712,3.5176987665212183,Stable
Venezuela,1977,67.456,2.654005356708059,Stable
Venezuela,1982,68.557,1.632175047438329,Stable
Venezuela,1987,70.19,2.3819595373193043,Stable
Venezuela,1992,71.15,1.367716198888742,Stable
Venezuela,1997,72.146,1.3998594518622558,Stable
Venezuela,2002,72.766,0.8593685027583019,Stable
Venezuela,2007,73.747,1.3481571063408657,Stable
Vietnam,1952,40.412,NA,Stable
Vietnam,1957,42.887,6.124418489557561,Stable
Vietnam,1962,45.363,5.7733112598223215,Stable
Vietnam,1967,47.838,5.455988360558167,Stable
Vietnam,1972,50.254,5.050378360299336,Stable
Vietnam,1977,55.764,10.964301349146348,Stable
Vietnam,1982,58.816,5.473065059895272,Stable
Vietnam,1987,62.82,6.807671381936883,Stable
Vietnam,1992,67.662,7.707736389684823,Stable
Vietnam,1997,70.672,4.448582660873149,Stable
Vietnam,2002,73.017,3.3181458003169557,Stable
Vietnam,2007,74.249,1.6872783050522473,Stable
West Bank and Gaza,1952,43.16,NA,Stable
West Bank and Gaza,1957,45.671,5.817886932344771,Stable
West Bank and Gaza,1962,48.127,5.377591907337266,Stable
West Bank and Gaza,1967,51.631,7.280736384981398,Stable
West Bank and Gaza,1972,56.532,9.492359241540928,Stable
West Bank and Gaza,1977,60.765,7.48779452345575,Stable
West Bank and Gaza,1982,64.406,5.991936147453313,Stable
West Bank and Gaza,1987,67.046,4.098996987858274,Stable
West Bank and Gaza,1992,69.718,3.9853235092324626,Stable
West Bank and Gaza,1997,71.096,1.9765340371209732,Stable
West Bank and Gaza,2002,72.37,1.7919432879486903,Stable
West Bank and Gaza,2007,73.422,1.4536410114688303,Stable
"Yemen, Rep.",1952,32.548,NA,Stable
"Yemen, Rep.",1957,33.97,4.3689320388349415,Stable
"Yemen, Rep.",1962,35.18,3.5619664409773355,Stable
"Yemen, Rep.",1967,36.984,5.127913587265498,Stable
"Yemen, Rep.",1972,39.848,7.74388924940514,Stable
"Yemen, Rep.",1977,44.175,10.858763300542055,Stable
"Yemen, Rep.",1982,49.113,11.17826825127335,Stable
"Yemen, Rep.",1987,52.922,7.755584061246508,Stable
"Yemen, Rep.",1992,55.599,5.058387816031139,Stable
"Yemen, Rep.",1997,58.02,4.354394863216976,Stable
"Yemen, Rep.",2002,60.308,3.943467769734568,Stable
"Yemen, Rep.",2007,62.698,3.9629899847449765,Stable
Zambia,1952,42.038,NA,Stable
Zambia,1957,44.077,4.850373471620919,Stable
Zambia,1962,46.023,4.415001020940639,Stable
Zambia,1967,47.768,3.7915824696347418,Stable
Zambia,1972,50.107,4.89658348685312,Stable
Zambia,1977,51.386,2.5525375696010606,Stable
Zambia,1982,51.821,0.8465340754290958,Stable
Zambia,1987,50.821,-1.929719611740414,Stable
Zambia,1992,46.1,-9.289466952637683,Stable
Zambia,1997,40.238,-12.715835140997832,Stable
Zambia,2002,39.193,-2.597047566976494,Stable
Zambia,2007,42.384,8.14176000816473,Stable
Zimbabwe,1952,48.451,NA,Sharp Decline
Zimbabwe,1957,50.469,4.165032713463088,Sharp Decline
Zimbabwe,1962,52.358,3.742891676078376,Sharp Decline
Zimbabwe,1967,53.995,3.1265518163413435,Sharp Decline
Zimbabwe,1972,55.635,3.0373182702102057,Sharp Decline
Zimbabwe,1977,57.674,3.6649591084748834,Sharp Decline
Zimbabwe,1982,60.363,4.662412872351493,Sharp Decline
Zimbabwe,1987,62.351,3.2934082136408054,Sharp Decline
Zimbabwe,1992,60.377,-3.1659476191239864,Sharp Decline
Zimbabwe,1997,46.809,-22.47213342829224,Sharp Decline
Zimbabwe,2002,39.989,-14.569847678865177,Sharp Decline
Zimbabwe,2007,43.487,8.747405536522555,Sharp Decline
